isin,ticker,currency,per_value,cpn_rate,cpn_frequency_en,cpn_qquantity,coupon_date,day_count,maturity_date,issue_date,first_payment_date,isin_class,instrument_type_en,issuer_name_en,issuer_id,list_class,isin_status_en,outst_volume,outst_volume_amd,outst_quantity,benchmark,inflation_linked
AMACBAB2EER9,ACBABE,AMD,100000.000000,9.500000,Semi-Annually,5,"[""2024-11-02"", ""2025-05-02"", ""2025-11-02"", ""2026-05-02"", ""2026-11-02""]",ACT/ACT,2026-11-02,2024-05-02,2024-11-02,Coupon bond,Debt Instrument,ACBA BANK OJSC,2,BBond,Listed,1398900000.000000,1398900000.000000,13989.000000,0,
AMACBAB2FER6,ACBABF,USD,100.000000,4.500000,Semi-Annually,5,"[""2024-11-02"", ""2025-05-02"", ""2025-11-02"", ""2026-05-02"", ""2026-11-02""]",ACT/ACT,2026-11-02,2024-05-02,2024-11-02,Coupon bond,Debt Instrument,ACBA BANK OJSC,2,BBond,Listed,3639900.000000,1331875809,36399.000000,0,
AMACBAB2GER4,ACBABG,AMD,100000.000000,11.000000,Semi-Annually,10,"[""2025-04-21"", ""2025-10-21"", ""2026-04-21"", ""2026-10-21"", ""2027-04-21"", ""2027-10-21"", ""2028-04-21"", ""2028-10-21"", ""2029-04-21"", ""2029-10-21""]",ACT/ACT,2029-10-21,2024-10-21,2025-04-21,Coupon bond,Debt Instrument,ACBA BANK OJSC,2,BBond,Listed,5000000000.000000,5000000000.000000,50000.000000,0,
AMACBAB2HER2,ACBABH,USD,100.000000,6.000000,Semi-Annually,10,"[""2025-04-21"", ""2025-10-21"", ""2026-04-21"", ""2026-10-21"", ""2027-04-21"", ""2027-10-21"", ""2028-04-21"", ""2028-10-21"", ""2029-04-21"", ""2029-10-21""]",ACT/ACT,2029-10-21,2024-10-21,2025-04-21,Coupon bond,Debt Instrument,ACBA BANK OJSC,2,BBond,Listed,13419700.000000,4910402427,134197.000000,0,
AMACBAB2IER0,ACBABI,AMD,100000.000000,10.500000,Semi-Annually,10,"[""2025-05-11"", ""2025-11-11"", ""2026-05-11"", ""2026-11-11"", ""2027-05-11"", ""2027-11-11"", ""2028-05-11"", ""2028-11-11"", ""2029-05-11"", ""2029-11-11""]",ACT/ACT,2029-11-11,2024-11-11,2025-05-11,Coupon bond,Debt Instrument,ACBA BANK OJSC,2,BBond,Listed,5000000000.000000,5000000000.000000,50000.000000,0,
AMACBAB2JER8,ACBABJ,AMD,100000.000000,9.500000,Semi-Annually,6,"[""2025-08-20"", ""2026-02-20"", ""2026-08-20"", ""2027-02-20"", ""2027-08-20"", ""2028-02-20""]",ACT/ACT,2028-02-20,2025-02-20,2025-08-20,Coupon bond,Debt Instrument,ACBA BANK OJSC,2,BBond,Listed,1116800000.000000,1116800000.000000,11168.000000,0,
AMACBAB2KER6,ACBABK,AMD,100000.000000,10.000000,Semi-Annually,10,"[""2025-08-20"", ""2026-02-20"", ""2026-08-20"", ""2027-02-20"", ""2027-08-20"", ""2028-02-20"", ""2028-08-20"", ""2029-02-20"", ""2029-08-20"", ""2030-02-20""]",ACT/ACT,2030-02-20,2025-02-20,2025-08-20,Coupon bond,Debt Instrument,ACBA BANK OJSC,2,BBond,Listed,2320400000.000000,2320400000.000000,23204.000000,0,
AMACBAB2LER4,ACBABL,AMD,100000.000000,10.500000,Semi-Annually,10,"[""2026-02-25"", ""2026-08-25"", ""2027-02-25"", ""2027-08-25"", ""2028-02-25"", ""2028-08-25"", ""2029-02-25"", ""2029-08-25"", ""2030-02-25"", ""2030-08-25""]",ACT/ACT,2030-08-25,2025-08-20,2026-02-25,Coupon bond,Debt Instrument,ACBA BANK OJSC,2,BBond,Listed,10000000000.000000,10000000000.000000,100000.000000,0,
AMACBAB2MER2,ACBABM,USD,100.000000,5.500000,Semi-Annually,10,"[""2026-02-25"", ""2026-08-25"", ""2027-02-25"", ""2027-08-25"", ""2028-02-25"", ""2028-08-25"", ""2029-02-25"", ""2029-08-25"", ""2030-02-25"", ""2030-08-25""]",ACT/ACT,2030-08-25,2025-08-25,2026-02-25,Coupon bond,Debt Instrument,ACBA BANK OJSC,2,BBond,Listed,10000000.000000,3659100000.0000005,100000.000000,0,
AMACBAB2NER0,ACBABN,AMD,100000.000000,10.500000,Semi-Annually,10,"[""2026-07-15"", ""2027-01-15"", ""2027-07-15"", ""2028-01-15"", ""2028-07-15"", ""2029-01-15"", ""2029-07-15"", ""2030-01-15"", ""2030-07-15"", ""2031-01-15""]",ACT/ACT,2031-01-15,2026-01-15,2026-07-15,Coupon bond,Debt Instrument,ACBA BANK OJSC,2,BBond,Listed,10000000000.000000,10000000000.000000,100000.000000,0,
AMACBAB2OER8,ACBABO,USD,100.000000,5.500000,Semi-Annually,10,"[""2026-07-15"", ""2027-01-15"", ""2027-07-15"", ""2028-01-15"", ""2028-07-15"", ""2029-01-15"", ""2029-07-15"", ""2030-01-15"", ""2030-07-15"", ""2031-01-15""]",ACT/ACT,2031-01-15,2026-01-15,2026-07-15,Coupon bond,Debt Instrument,ACBA BANK OJSC,2,BBond,Listed,10000000.000000,3659100000.0000005,100000.000000,0,
AMACBAB2PER5,ACBABP,AMD,100000.000000,10.250000,Semi-Annually,10,"[""2026-08-23"", ""2027-02-23"", ""2027-08-23"", ""2028-02-23"", ""2028-08-23"", ""2029-02-23"", ""2029-08-23"", ""2030-02-23"", ""2030-08-23"", ""2031-02-23""]",ACT/ACT,2031-02-23,2026-02-23,2026-08-23,Coupon bond,Debt Instrument,ACBA BANK OJSC,2,BBond,Listed,10000000000.000000,10000000000.000000,100000.000000,0,
AMAGRTB21KT0,AGRTB1,AMD,100000.000000,13.000000,Quarterly,12,"[""2026-03-17"", ""2026-06-17"", ""2026-09-17"", ""2026-12-17"", ""2027-03-17"", ""2027-06-17"", ""2027-09-17"", ""2027-12-17"", ""2028-03-17"", ""2028-06-17"", ""2028-09-17"", ""2028-12-17""]",ACT/ACT,2028-12-17,2025-12-17,2026-03-17,Coupon bond,Debt Instrument,AGROTECH LLC,355,BBond,Listed,600000000.000000,600000000.000000,6000.000000,0,
AMAGRTB22KT8,AGRTB2,AMD,100000.000000,12.250000,Semi-Annually,6,"[""2026-12-22"", ""2027-06-22"", ""2027-12-22"", ""2028-06-22"", ""2028-12-22"", ""2029-06-22""]",ACT/ACT,2029-06-22,2026-06-22,2026-12-22,Coupon bond,Debt Instrument,AGROTECH LLC,355,BBond,Listed,400000000.000000,400000000.000000,4000.000000,0,
AMALPHB22ER4,ALPHB2,AMD,100000.000000,11.300000,Annually,3,"[""2026-12-10"", ""2027-12-10"", ""2028-12-10""]",ACT/ACT,2028-12-10,2025-12-10,2026-12-10,Coupon bond,Debt Instrument,Alfa-Pharm CJSC,350,BBond,Listed,1500000000.000000,1500000000.000000,15000.000000,0,
AMAMRBBMFER9,AMRBBMF,USD,100.000000,4.000000,Quarterly,16,"[""2022-12-07"", ""2023-03-07"", ""2023-06-07"", ""2023-09-07"", ""2023-12-07"", ""2024-03-07"", ""2024-06-07"", ""2024-09-07"", ""2024-12-07"", ""2025-03-07"", ""2025-06-07"", ""2025-09-07"", ""2025-12-07"", ""2026-03-07"", ""2026-06-07"", ""2026-09-07""]",ACT/ACT,2026-09-07,2022-09-07,2022-12-07,Coupon bond,Debt Instrument,AMERIABANK CJSC,13,BBond,Listed,10000000.000000,3659100000.0000005,100000.000000,0,
AMAMRBBMIER3,AMRBBMI,USD,100.000000,4.750000,Quarterly,16,"[""2023-05-20"", ""2023-08-20"", ""2023-11-20"", ""2024-02-20"", ""2024-05-20"", ""2024-08-20"", ""2024-11-20"", ""2025-02-20"", ""2025-05-20"", ""2025-08-20"", ""2025-11-20"", ""2026-02-20"", ""2026-05-20"", ""2026-08-20"", ""2026-11-20"", ""2027-02-20""]",ACT/ACT,2027-02-20,2023-02-20,2023-05-20,Coupon bond,Debt Instrument,AMERIABANK CJSC,13,BBond,Listed,25000000.000000,9147750000,250000.000000,0,
AMAMRBBMNER3,AMRBBMN,USD,100.000000,4.750000,Quarterly,16,"[""2023-09-26"", ""2023-12-26"", ""2024-03-26"", ""2024-06-26"", ""2024-09-26"", ""2024-12-26"", ""2025-03-26"", ""2025-06-26"", ""2025-09-26"", ""2025-12-26"", ""2026-03-26"", ""2026-06-26"", ""2026-09-26"", ""2026-12-26"", ""2027-03-26"", ""2027-06-26""]",ACT/ACT,2027-06-26,2023-06-26,2023-09-26,Coupon bond,Debt Instrument,AMERIABANK CJSC,13,BBond,Listed,20000000.000000,7318200000.000001,200000.000000,0,
AMAMRBBMQER6,AMRBBMQ,USD,100.000000,5.000000,Quarterly,12,"[""2024-05-15"", ""2024-08-15"", ""2024-11-15"", ""2025-02-15"", ""2025-05-15"", ""2025-08-15"", ""2025-11-15"", ""2026-02-15"", ""2026-05-15"", ""2026-08-15"", ""2026-11-15"", ""2027-02-15""]",ACT/ACT,2027-02-15,2024-02-15,2024-05-15,Coupon bond,Debt Instrument,AMERIABANK CJSC,13,BBond,Listed,5660000.000000,2071050600.0000002,56600.000000,0,
AMAMRBBMRER4,AMRBBMR,USD,100.000000,5.500000,Quarterly,16,"[""2024-05-15"", ""2024-08-15"", ""2024-11-15"", ""2025-02-15"", ""2025-05-15"", ""2025-08-15"", ""2025-11-15"", ""2026-02-15"", ""2026-05-15"", ""2026-08-15"", ""2026-11-15"", ""2027-02-15"", ""2027-05-15"", ""2027-08-15"", ""2027-11-15"", ""2028-02-15""]",ACT/ACT,2028-02-15,2024-02-15,2024-05-15,Coupon bond,Debt Instrument,AMERIABANK CJSC,13,BBond,Listed,15000000.000000,5488650000,150000.000000,0,
AMAMRBBMSER2,AMRBBMS,USD,100.000000,6.000000,Quarterly,20,"[""2024-05-15"", ""2024-08-15"", ""2024-11-15"", ""2025-02-15"", ""2025-05-15"", ""2025-08-15"", ""2025-11-15"", ""2026-02-15"", ""2026-05-15"", ""2026-08-15"", ""2026-11-15"", ""2027-02-15"", ""2027-05-15"", ""2027-08-15"", ""2027-11-15"", ""2028-02-15"", ""2028-05-15"", ""2028-08-15"", ""2028-11-15"", ""2029-02-15""]",ACT/ACT,2029-02-15,2024-02-15,2024-05-15,Coupon bond,Debt Instrument,AMERIABANK CJSC,13,BBond,Listed,15000000.000000,5488650000,150000.000000,0,
AMAMRBBN3ER8,AMRBBN3,USD,100.000000,4.750000,Quarterly,12,"[""2024-07-22"", ""2024-10-22"", ""2025-01-22"", ""2025-04-22"", ""2025-07-22"", ""2025-10-22"", ""2026-01-22"", ""2026-04-22"", ""2026-07-22"", ""2026-10-22"", ""2027-01-22"", ""2027-04-22""]",ACT/ACT,2027-04-22,2024-04-22,2024-07-22,Coupon bond,Debt Instrument,AMERIABANK CJSC,13,BBond,Listed,9668000.000000,3537617880.0000005,96680.000000,0,
AMAMRBBN4ER6,AMRBBN4,USD,100.000000,5.250000,Quarterly,16,"[""2024-07-22"", ""2024-10-22"", ""2025-01-22"", ""2025-04-22"", ""2025-07-22"", ""2025-10-22"", ""2026-01-22"", ""2026-04-22"", ""2026-07-22"", ""2026-10-22"", ""2027-01-22"", ""2027-04-22"", ""2027-07-22"", ""2027-10-22"", ""2028-01-22"", ""2028-04-22""]",ACT/ACT,2028-04-22,2024-04-22,2024-07-22,Coupon bond,Debt Instrument,AMERIABANK CJSC,13,BBond,Listed,12500400.000000,4574021364,125004.000000,0,
AMAMRBBN5ER3,AMRBBN5,USD,100.000000,5.750000,Quarterly,20,"[""2024-07-22"", ""2024-10-22"", ""2025-01-22"", ""2025-04-22"", ""2025-07-22"", ""2025-10-22"", ""2026-01-22"", ""2026-04-22"", ""2026-07-22"", ""2026-10-22"", ""2027-01-22"", ""2027-04-22"", ""2027-07-22"", ""2027-10-22"", ""2028-01-22"", ""2028-04-22"", ""2028-07-22"", ""2028-10-22"", ""2029-01-22"", ""2029-04-22""]",ACT/ACT,2029-04-22,2024-04-22,2024-07-22,Coupon bond,Debt Instrument,AMERIABANK CJSC,13,BBond,Listed,15000000.000000,5488650000,150000.000000,0,
AMAMRBBN6ER1,AMRBBN6,USD,100.000000,6.000000,Quarterly,28,"[""2024-07-22"", ""2024-10-22"", ""2025-01-22"", ""2025-04-22"", ""2025-07-22"", ""2025-10-22"", ""2026-01-22"", ""2026-04-22"", ""2026-07-22"", ""2026-10-22"", ""2027-01-22"", ""2027-04-22"", ""2027-07-22"", ""2027-10-22"", ""2028-01-22"", ""2028-04-22"", ""2028-07-22"", ""2028-10-22"", ""2029-01-22"", ""2029-04-22"", ""2029-07-22"", ""2029-10-22"", ""2030-01-22"", ""2030-04-22"", ""2030-07-22"", ""2030-10-22"", ""2031-01-22"", ""2031-04-22""]",ACT/ACT,2031-04-22,2024-07-19,2024-07-22,Coupon bond,Debt Instrument,AMERIABANK CJSC,13,BBond,Listed,15000000.000000,5488650000,150000.000000,0,
AMAMRBBN7ER9,AMRBBN7,AMD,100000.000000,9.500000,Quarterly,9,"[""2024-09-13"", ""2024-12-13"", ""2025-03-13"", ""2025-06-13"", ""2025-09-13"", ""2025-12-13"", ""2026-03-13"", ""2026-06-13"", ""2026-09-13""]",ACT/ACT,2026-09-13,2024-06-13,2024-09-13,Coupon bond,Debt Instrument,AMERIABANK CJSC,13,BBond,Listed,5000000000.000000,5000000000.000000,50000.000000,0,
AMAMRBBN8ER7,AMRBBN8,AMD,100000.000000,9.750000,Quarterly,12,"[""2024-09-13"", ""2024-12-13"", ""2025-03-13"", ""2025-06-13"", ""2025-09-13"", ""2025-12-13"", ""2026-03-13"", ""2026-06-13"", ""2026-09-13"", ""2026-12-13"", ""2027-03-13"", ""2027-06-13""]",,2027-06-13,2024-06-13,2024-09-13,Coupon bond,Debt Instrument,AMERIABANK CJSC,13,BBond,Listed,5000000000.000000,5000000000.000000,50000.000000,0,
AMAMRBBN9ER5,AMRBBN9,AMD,100000.000000,9.500000,Quarterly,9,"[""2024-12-16"", ""2025-03-16"", ""2025-06-16"", ""2025-09-16"", ""2025-12-16"", ""2026-03-16"", ""2026-06-16"", ""2026-09-16"", ""2026-12-16""]",ACT/ACT,2026-12-16,2024-09-16,2024-12-16,Coupon bond,Debt Instrument,AMERIABANK CJSC,13,BBond,Listed,5000000000.000000,5000000000.000000,50000.000000,0,
AMAMRBBNAER8,AMRBBNA,AMD,100000.000000,9.250000,Quarterly,8,"[""2025-06-10"", ""2025-09-10"", ""2025-12-10"", ""2026-03-10"", ""2026-06-10"", ""2026-09-10"", ""2026-12-10"", ""2027-03-10""]",ACT/ACT,2027-03-10,2025-03-10,2025-06-10,Coupon bond,Debt Instrument,AMERIABANK CJSC,13,BBond,Listed,5000000000.000000,5000000000.000000,50000.000000,0,
AMAMRBBNBER6,AMRBBNB,AMD,100000.000000,9.500000,Quarterly,12,"[""2025-06-10"", ""2025-09-10"", ""2025-12-10"", ""2026-03-10"", ""2026-06-10"", ""2026-09-10"", ""2026-12-10"", ""2027-03-10"", ""2027-06-10"", ""2027-09-10"", ""2027-12-10"", ""2028-03-10""]",ACT/ACT,2028-03-10,2025-03-10,2025-06-10,Coupon bond,Debt Instrument,AMERIABANK CJSC,13,BBond,Listed,5000000000.000000,5000000000.000000,50000.000000,0,
AMAMRBBNCER4,AMRBBNC,USD,100.000000,4.750000,Quarterly,12,"[""2025-07-14"", ""2025-10-14"", ""2026-01-14"", ""2026-04-14"", ""2026-07-14"", ""2026-10-14"", ""2027-01-14"", ""2027-04-14"", ""2027-07-14"", ""2027-10-14"", ""2028-01-14"", ""2028-04-14""]",ACT/ACT,2028-04-14,2025-04-14,2025-07-14,Coupon bond,Debt Instrument,AMERIABANK CJSC,13,BBond,Listed,10000000.000000,3659100000.0000005,100000.000000,0,
AMAMRBBNDER2,AMRBBND,USD,100.000000,5.000000,Quarterly,16,"[""2025-07-14"", ""2025-10-14"", ""2026-01-14"", ""2026-04-14"", ""2026-07-14"", ""2026-10-14"", ""2027-01-14"", ""2027-04-14"", ""2027-07-14"", ""2027-10-14"", ""2028-01-14"", ""2028-04-14"", ""2028-07-14"", ""2028-10-14"", ""2029-01-14"", ""2029-04-14""]",ACT/ACT,2029-04-14,2025-04-14,2025-07-14,Coupon bond,Debt Instrument,AMERIABANK CJSC,13,BBond,Listed,10000000.000000,3659100000.0000005,100000.000000,0,
AMAMRBBNEER0,AMRBBNE,AMD,100000.000000,9.250000,Quarterly,12,"[""2025-09-16"", ""2025-12-16"", ""2026-03-16"", ""2026-06-16"", ""2026-09-16"", ""2026-12-16"", ""2027-03-16"", ""2027-06-16"", ""2027-09-16"", ""2027-12-16"", ""2028-03-16"", ""2028-06-16""]",ACT/ACT,2028-06-16,2025-06-16,2025-09-16,Coupon bond,Debt Instrument,AMERIABANK CJSC,13,BBond,Listed,5000000000.000000,5000000000.000000,50000.000000,0,
AMAMRBBNFER7,AMRBBNF,USD,100.000000,5.000000,Quarterly,16,"[""2025-09-16"", ""2025-12-16"", ""2026-03-16"", ""2026-06-16"", ""2026-09-16"", ""2026-12-16"", ""2027-03-16"", ""2027-06-16"", ""2027-09-16"", ""2027-12-16"", ""2028-03-16"", ""2028-06-16"", ""2028-09-16"", ""2028-12-16"", ""2029-03-16"", ""2029-06-16""]",ACT/ACT,2029-06-16,2025-06-16,2025-09-16,Coupon bond,Debt Instrument,AMERIABANK CJSC,13,BBond,Listed,10000000.000000,3659100000.0000005,100000.000000,0,
AMAMRBBNGER5,AMRBBNG,AMD,100000.000000,9.250000,Quarterly,8,"[""2025-10-15"", ""2026-01-15"", ""2026-04-15"", ""2026-07-15"", ""2026-10-15"", ""2027-01-15"", ""2027-04-15"", ""2027-07-15""]",ACT/ACT,2027-07-15,2025-07-15,2025-10-15,Coupon bond,Debt Instrument,AMERIABANK CJSC,13,BBond,Listed,3250000000.000000,3250000000.000000,32500.000000,0,
AMAMRBBNHER3,AMRBBNH,USD,100.000000,4.500000,Quarterly,8,"[""2025-10-22"", ""2026-01-22"", ""2026-04-22"", ""2026-07-22"", ""2026-10-22"", ""2027-01-22"", ""2027-04-22"", ""2027-07-22""]",ACT/ACT,2027-07-22,2025-07-22,2025-10-22,Coupon bond,Debt Instrument,AMERIABANK CJSC,13,BBond,Listed,5000000.000000,1829550000.0000002,50000.000000,0,
AMAMRBBNIER1,AMRBBNI,AMD,100000.000000,9.750000,Quarterly,12,"[""2025-12-01"", ""2026-03-01"", ""2026-06-01"", ""2026-09-01"", ""2026-12-01"", ""2027-03-01"", ""2027-06-01"", ""2027-09-01"", ""2027-12-01"", ""2028-03-01"", ""2028-06-01"", ""2028-09-01""]",ACT/ACT,2028-09-01,2025-09-01,2025-12-01,Coupon bond,Debt Instrument,AMERIABANK CJSC,13,BBond,Listed,12000000000.000000,12000000000.000000,120000.000000,0,
AMAMRBBNJER9,AMRBBNJ,USD,100.000000,5.000000,Quarterly,12,"[""2025-12-01"", ""2026-03-01"", ""2026-06-01"", ""2026-09-01"", ""2026-12-01"", ""2027-03-01"", ""2027-06-01"", ""2027-09-01"", ""2027-12-01"", ""2028-03-01"", ""2028-06-01"", ""2028-09-01""]",ACT/ACT,2028-09-01,2025-09-01,2025-12-01,Coupon bond,Debt Instrument,AMERIABANK CJSC,13,BBond,Listed,15000000.000000,5488650000,150000.000000,0,
AMAMRBBNKER7,AMRBBNK,EUR,100.000000,3.500000,Quarterly,8,"[""2025-12-01"", ""2026-03-01"", ""2026-06-01"", ""2026-09-01"", ""2026-12-01"", ""2027-03-01"", ""2027-06-01"", ""2027-09-01""]",ACT/ACT,2027-09-01,2025-09-01,2025-12-01,Coupon bond,Debt Instrument,AMERIABANK CJSC,13,BBond,Listed,5250000.000000,2215710000,52500.000000,0,
AMAMRBBNLER5,AMRBBNL,USD,100.000000,4.750000,Quarterly,8,"[""2026-01-15"", ""2026-04-15"", ""2026-07-15"", ""2026-10-15"", ""2027-01-15"", ""2027-04-15"", ""2027-07-15"", ""2027-10-15""]",ACT/ACT,2027-10-15,2025-10-15,2026-01-15,Coupon bond,Debt Instrument,AMERIABANK CJSC,13,BBond,Listed,11600000.000000,4244556000.0000005,116000.000000,0,
AMAMRBBNMER3,AMRBBNM,AMD,100000.000000,9.750000,Quarterly,12,"[""2026-03-10"", ""2026-06-10"", ""2026-09-10"", ""2026-12-10"", ""2027-03-10"", ""2027-06-10"", ""2027-09-10"", ""2027-12-10"", ""2028-03-10"", ""2028-06-10"", ""2028-09-10"", ""2028-12-10""]",ACT/ACT,2028-12-10,2025-12-10,2026-03-10,Coupon bond,Debt Instrument,AMERIABANK CJSC,13,BBond,Listed,10000000000.000000,10000000000.000000,100000.000000,0,
AMAMRBBNNER1,AMRBBNN,USD,100.000000,4.750000,Quarterly,8,"[""2026-03-22"", ""2026-06-22"", ""2026-09-22"", ""2026-12-22"", ""2027-03-22"", ""2027-06-22"", ""2027-09-22"", ""2027-12-22""]",ACT/ACT,2027-12-22,2025-12-22,2026-03-22,Coupon bond,Debt Instrument,AMERIABANK CJSC,13,BBond,Listed,10000000.000000,3659100000.0000005,100000.000000,0,
AMAMRBBNOER9,AMRBBNO,USD,10000.000000,8.500000,Semi-Annually,,[],ACT/ACT,,2026-02-02,2026-08-02,Coupon bond,Debt Instrument,AMERIABANK CJSC,13,BBond,Listed,50000000.000000,18295500000,5000.000000,0,
AMAMRBBNPER6,AMRBBNP,USD,10000.000000,8.000000,Semi-Annually,,[],ACT/ACT,,2026-04-07,,Coupon bond,Debt Instrument,AMERIABANK CJSC,13,BBond,Listed,50000000.000000,18295500000,5000.000000,0,
AMAMRBBNQER4,AMRBBNQ,AMD,100000.000000,9.750000,Quarterly,12,"[""2026-07-15"", ""2026-10-15"", ""2027-01-15"", ""2027-04-15"", ""2027-07-15"", ""2027-10-15"", ""2028-01-15"", ""2028-04-15"", ""2028-07-15"", ""2028-10-15"", ""2029-01-15"", ""2029-04-15""]",ACT/ACT,2029-04-15,2026-04-15,2026-07-15,Coupon bond,Debt Instrument,AMERIABANK CJSC,13,BBond,Listed,15000000000.000000,15000000000.000000,150000.000000,0,
AMAMTLB21ER8,AMTLB1,USD,100.000000,7.950000,Quarterly,20,"[""2025-03-05"", ""2025-06-05"", ""2025-09-05"", ""2025-12-05"", ""2026-03-05"", ""2026-06-05"", ""2026-09-05"", ""2026-12-05"", ""2027-03-05"", ""2027-06-05"", ""2027-09-05"", ""2027-12-05"", ""2028-03-05"", ""2028-06-05"", ""2028-09-05"", ""2028-12-05"", ""2029-03-05"", ""2029-06-05"", ""2029-09-05"", ""2029-12-05""]",ACT/ACT,2029-12-05,2024-12-05,2025-03-05,Coupon bond,Debt Instrument,Telecom Armenia OJSC,329,ABond,Listed,45000000.000000,16465950000.000002,450000.000000,0,
AMAMTLB22ER6,AMTLB2,USD,100.000000,7.850000,Quarterly,16,"[""2025-03-05"", ""2025-06-05"", ""2025-09-05"", ""2025-12-05"", ""2026-03-05"", ""2026-06-05"", ""2026-09-05"", ""2026-12-05"", ""2027-03-05"", ""2027-06-05"", ""2027-09-05"", ""2027-12-05"", ""2028-03-05"", ""2028-06-05"", ""2028-09-05"", ""2028-12-05""]",ACT/ACT,2028-12-05,2024-12-05,2025-03-05,Coupon bond,Debt Instrument,Telecom Armenia OJSC,329,ABond,Listed,20000000.000000,7318200000.000001,200000.000000,0,
AMAMTLB23ER4,AMTLB3,AMD,100000.000000,11.500000,Quarterly,20,"[""2025-03-05"", ""2025-06-05"", ""2025-09-05"", ""2025-12-05"", ""2026-03-05"", ""2026-06-05"", ""2026-09-05"", ""2026-12-05"", ""2027-03-05"", ""2027-06-05"", ""2027-09-05"", ""2027-12-05"", ""2028-03-05"", ""2028-06-05"", ""2028-09-05"", ""2028-12-05"", ""2029-03-05"", ""2029-06-05"", ""2029-09-05"", ""2029-12-05""]",ACT/ACT,2029-12-05,2024-12-05,2025-03-05,Coupon bond,Debt Instrument,Telecom Armenia OJSC,329,ABond,Listed,3900000000.000000,3900000000.000000,39000.000000,0,
AMANLBB2PER9,ANLBBP,USD,100.000000,4.750000,Quarterly,13,"[""2024-08-13"", ""2024-11-13"", ""2025-02-13"", ""2025-05-13"", ""2025-08-13"", ""2025-11-13"", ""2026-02-13"", ""2026-05-13"", ""2026-08-13"", ""2026-11-13"", ""2027-02-13"", ""2027-05-13"", ""2027-08-13""]",ACT/ACT,2027-08-13,2024-05-13,2024-08-13,Coupon bond,Debt Instrument,ID Bank CJSC,169,BBond,Listed,5000000.000000,1829550000.0000002,50000.000000,0,
AMANLBB2QER7,ANLBBQ,AMD,10000.000000,9.500000,Quarterly,9,"[""2024-09-17"", ""2024-12-17"", ""2025-03-17"", ""2025-06-17"", ""2025-09-17"", ""2025-12-17"", ""2026-03-17"", ""2026-06-17"", ""2026-09-17""]",ACT/ACT,2026-09-17,2024-06-17,2024-09-17,Coupon bond,Debt Instrument,ID Bank CJSC,169,BBond,Listed,2549750000.000000,2549750000.000000,254975.000000,0,
AMANLBB2RER5,ANLBBR,USD,100.000000,4.750000,Quarterly,12,"[""2024-12-26"", ""2025-03-26"", ""2025-06-26"", ""2025-09-26"", ""2025-12-26"", ""2026-03-26"", ""2026-06-26"", ""2026-09-26"", ""2026-12-26"", ""2027-03-26"", ""2027-06-26"", ""2027-09-26""]",ACT/ACT,2027-09-26,2024-09-26,2024-12-26,Coupon bond,Debt Instrument,ID Bank CJSC,169,BBond,Listed,2253700.000000,824651367,22537.000000,0,
AMANLBB2SER3,ANLBBS,USD,100.000000,4.750000,Quarterly,9,"[""2025-04-24"", ""2025-07-24"", ""2025-10-24"", ""2026-01-24"", ""2026-04-24"", ""2026-07-24"", ""2026-10-24"", ""2027-01-24"", ""2027-04-24""]",ACT/ACT,2027-04-24,2025-01-24,2025-04-24,Coupon bond,Debt Instrument,ID Bank CJSC,169,BBond,Listed,5000000.000000,1829550000.0000002,50000.000000,0,
AMANLBB2TER1,ANLBBT,USD,100.000000,4.750000,Quarterly,10,"[""2025-05-28"", ""2025-08-28"", ""2025-11-28"", ""2026-02-28"", ""2026-05-28"", ""2026-08-28"", ""2026-11-28"", ""2027-02-28"", ""2027-05-28"", ""2027-08-28""]",ACT/ACT,2027-08-28,2025-02-28,2025-05-28,Coupon bond,Debt Instrument,ID Bank CJSC,169,BBond,Listed,7042600.000000,2576957766,70426.000000,0,
AMANLBB2UER9,ANLBBU,AMD,10000.000000,10.000000,Semi-Annually,5,"[""2026-01-01"", ""2026-07-01"", ""2027-01-01"", ""2027-07-01"", ""2028-01-01""]",ACT/ACT,2028-01-01,2025-07-01,2026-01-01,Coupon bond,Debt Instrument,ID Bank CJSC,169,BBond,Listed,537490000.000000,537490000.000000,53749.000000,0,
AMANLBBM1ER8,ANLBBM1,AMD,10000.000000,10.300000,Semi-Annually,7,"[""2026-01-01"", ""2026-07-01"", ""2027-01-01"", ""2027-07-01"", ""2028-01-01"", ""2028-07-01"", ""2029-01-01""]",ACT/ACT,2029-01-01,2025-07-01,2026-01-01,Coupon bond,Debt Instrument,ID Bank CJSC,169,BBond,Listed,2824600000.000000,2824600000.000000,282460.000000,0,
AMANLBBM2ER6,ANLBBM2,USD,100.000000,5.000000,Semi-Annually,6,"[""2026-01-01"", ""2026-07-01"", ""2027-01-01"", ""2027-07-01"", ""2028-01-01"", ""2028-07-01""]",ACT/ACT,2028-07-01,2025-07-01,2026-01-01,Coupon bond,Debt Instrument,ID Bank CJSC,169,BBond,Listed,5000000.000000,1829550000.0000002,50000.000000,0,
AMANLBBM3ER4,ANLBBM3,USD,100.000000,5.000000,Semi-Annually,6,"[""2026-04-17"", ""2026-10-17"", ""2027-04-17"", ""2027-10-17"", ""2028-04-17"", ""2028-10-17""]",ACT/ACT,2028-10-17,2025-10-17,2026-04-17,Coupon bond,Debt Instrument,ID Bank CJSC,169,BBond,Listed,10000000.000000,3659100000.0000005,100000.000000,0,
AMANLBBM4ER2,ANLBBM4,USD,100.000000,5.000000,Semi-Annually,6,"[""2026-05-27"", ""2026-11-27"", ""2027-05-27"", ""2027-11-27"", ""2028-05-27"", ""2028-11-27""]",ACT/ACT,2028-11-27,2025-11-27,2026-05-27,Coupon bond,Debt Instrument,ID Bank CJSC,169,BBond,Listed,9090200.000000,3326195082,90902.000000,0,
AMANLBBM5ER9,ANLBBM5,AMD,100000.000000,10.000000,Quarterly,12,"[""2026-06-17"", ""2026-09-17"", ""2026-12-17"", ""2027-03-17"", ""2027-06-17"", ""2027-09-17"", ""2027-12-17"", ""2028-03-17"", ""2028-06-17"", ""2028-09-17"", ""2028-12-17"", ""2029-03-17""]",ACT/ACT,2029-03-17,2026-03-17,2026-06-17,Coupon bond,Debt Instrument,ID Bank CJSC,169,BBond,Listed,2439000000.000000,2439000000.000000,24390.000000,0,
AMANLBBM7ER5,ANLBBM7,AMD,100000.000000,10.000000,Semi-Annually,6,"[""2026-12-15"", ""2027-06-15"", ""2027-12-15"", ""2028-06-15"", ""2028-12-15"", ""2029-06-15""]",ACT/ACT,2029-06-15,2026-06-15,2026-12-15,Coupon bond,Debt Instrument,ID Bank CJSC,169,BBond,Listed,2500000000.000000,2500000000.000000,25000.000000,0,
AMARBBB2FER8,ARBBBF,AMD,100000.000000,9.750000,Quarterly,9,"[""2024-08-15"", ""2024-11-15"", ""2025-02-15"", ""2025-05-15"", ""2025-08-15"", ""2025-11-15"", ""2026-02-15"", ""2026-05-15"", ""2026-08-15""]",ACT/ACT,2026-08-15,2024-05-15,2024-08-15,Coupon bond,Debt Instrument,AMIO BANK  CJSC,33,BBond,Listed,10000000000.000000,10000000000.000000,100000.000000,0,
AMARBBB2GER6,ARBBBG,AMD,100000.000000,9.750000,Semi-Annually,5,"[""2025-02-21"", ""2025-08-21"", ""2026-02-21"", ""2026-08-21"", ""2027-02-21""]",ACT/ACT,2027-02-21,2024-08-21,2025-02-21,Coupon bond,Debt Instrument,AMIO BANK  CJSC,33,BBond,Listed,5000000000.000000,5000000000.000000,50000.000000,0,
AMARBBB2HER4,ARBBBH,USD,100.000000,4.750000,Semi-Annually,5,"[""2025-02-21"", ""2025-08-21"", ""2026-02-21"", ""2026-08-21"", ""2027-02-21""]",ACT/ACT,2027-02-21,2024-08-21,2025-02-21,Coupon bond,Debt Instrument,AMIO BANK  CJSC,33,BBond,Listed,6450200.000000,2360192682,64502.000000,0,
AMARBBB2IER2,ARBBBI,USD,100.000000,4.750000,Quarterly,10,"[""2025-01-16"", ""2025-04-16"", ""2025-07-16"", ""2025-10-16"", ""2026-01-16"", ""2026-04-16"", ""2026-07-16"", ""2026-10-16"", ""2027-01-16"", ""2027-04-16""]",ACT/ACT,2027-04-16,2024-10-16,2025-01-16,Coupon bond,Debt Instrument,AMIO BANK  CJSC,33,BBond,Listed,5000000.000000,1829550000.0000002,50000.000000,0,
AMARBBB2JER0,ARBBBJ,AMD,100000.000000,10.250000,Quarterly,9,"[""2025-12-11"", ""2026-03-11"", ""2026-06-11"", ""2026-09-11"", ""2026-12-11"", ""2027-03-11"", ""2027-06-11"", ""2027-09-11"", ""2027-12-11""]",ACT/ACT,2027-12-11,2025-09-11,2025-12-11,Coupon bond,Debt Instrument,AMIO BANK  CJSC,33,BBond,Listed,3000000000.000000,3000000000.000000,30000.000000,0,
AMARBBB2KER8,ARBBBK,USD,100.000000,5.750000,Quarterly,9,"[""2025-12-11"", ""2026-03-11"", ""2026-06-11"", ""2026-09-11"", ""2026-12-11"", ""2027-03-11"", ""2027-06-11"", ""2027-09-11"", ""2027-12-11""]",ACT/ACT,2027-12-11,2025-09-11,2025-12-11,Coupon bond,Debt Instrument,AMIO BANK  CJSC,33,BBond,Listed,5000000.000000,1829550000.0000002,50000.000000,0,
AMARBBB2LER6,ARBBBL,AMD,100000.000000,10.250000,Quarterly,9,"[""2026-02-14"", ""2026-05-14"", ""2026-08-14"", ""2026-11-14"", ""2027-02-14"", ""2027-05-14"", ""2027-08-14"", ""2027-11-14"", ""2028-02-14""]",ACT/ACT,2028-02-14,2025-11-14,2026-02-14,Coupon bond,Debt Instrument,AMIO BANK  CJSC,33,BBond,Listed,2500000000.000000,2500000000.000000,25000.000000,0,
AMARBBB2MER4,ARBBBM,AMD,100000.000000,10.250000,Quarterly,8,"[""2026-05-10"", ""2026-08-10"", ""2026-11-10"", ""2027-02-10"", ""2027-05-10"", ""2027-08-10"", ""2027-11-10"", ""2028-02-10""]",ACT/ACT,2028-02-10,2026-02-10,2026-05-10,Coupon bond,Debt Instrument,AMIO BANK  CJSC,33,BBond,Listed,3000000000.000000,3000000000.000000,30000.000000,0,
AMARBBB2NER2,ARBBBN,USD,100.000000,5.500000,Quarterly,8,"[""2026-05-10"", ""2026-08-10"", ""2026-11-10"", ""2027-02-10"", ""2027-05-10"", ""2027-08-10"", ""2027-11-10"", ""2028-02-10""]",ACT/ACT,2028-02-10,2026-02-10,2026-05-10,Coupon bond,Debt Instrument,AMIO BANK  CJSC,33,BBond,Listed,2000000.000000,731820000,20000.000000,0,
AMARBBB2OER0,ARBBBO,AMD,100000.000000,10.000000,Quarterly,8,"[""2026-06-03"", ""2026-09-03"", ""2026-12-03"", ""2027-03-03"", ""2027-06-03"", ""2027-09-03"", ""2027-12-03"", ""2028-03-03""]",ACT/ACT,2028-03-03,2026-03-03,2026-06-03,Coupon bond,Debt Instrument,AMIO BANK  CJSC,33,BBond,Listed,2000000000.000000,2000000000.000000,20000.000000,0,
AMARBBB2PER7,ARBBBP,AMD,100000.000000,10.000000,Quarterly,8,"[""2026-07-03"", ""2026-10-03"", ""2027-01-03"", ""2027-04-03"", ""2027-07-03"", ""2027-10-03"", ""2028-01-03"", ""2028-04-03""]",ACT/ACT,2028-04-03,2026-04-03,2026-07-03,Coupon bond,Debt Instrument,AMIO BANK  CJSC,33,BBond,Listed,2500000000.000000,2500000000.000000,25000.000000,0,
AMARBKB2PER6,ARBKBP,USD,25.000000,5.000000,Quarterly,12,"[""2023-12-18"", ""2024-03-18"", ""2024-06-18"", ""2024-09-18"", ""2024-12-18"", ""2025-03-18"", ""2025-06-18"", ""2025-09-18"", ""2025-12-18"", ""2026-03-18"", ""2026-06-18"", ""2026-09-18""]",ACT/ACT,2026-09-18,2023-09-18,2023-12-18,Coupon bond,Debt Instrument,ARARATBANK OJSC,23,BBond,Listed,2000000.000000,731820000,80000.000000,0,
AMARBKB2QER4,ARBKBQ,USD,25.000000,5.500000,Quarterly,16,"[""2023-12-18"", ""2024-03-18"", ""2024-06-18"", ""2024-09-18"", ""2024-12-18"", ""2025-03-18"", ""2025-06-18"", ""2025-09-18"", ""2025-12-18"", ""2026-03-18"", ""2026-06-18"", ""2026-09-18"", ""2026-12-18"", ""2027-03-18"", ""2027-06-18"", ""2027-09-18""]",ACT/ACT,2027-09-18,2023-09-18,2023-12-18,Coupon bond,Debt Instrument,ARARATBANK OJSC,23,BBond,Listed,2000000.000000,731820000,80000.000000,0,
AMARBKB2RER2,ARBKBR,USD,25.000000,5.750000,Quarterly,16,"[""2024-06-26"", ""2024-09-26"", ""2024-12-26"", ""2025-03-26"", ""2025-06-26"", ""2025-09-26"", ""2025-12-26"", ""2026-03-26"", ""2026-06-26"", ""2026-09-26"", ""2026-12-26"", ""2027-03-26"", ""2027-06-26"", ""2027-09-26"", ""2027-12-26"", ""2028-03-26""]",ACT/ACT,2028-03-26,2024-03-26,2024-06-26,Coupon bond,Debt Instrument,ARARATBANK OJSC,23,BBond,Listed,5000000.000000,1829550000.0000002,200000.000000,0,
AMARBKB2SER0,ARBKBS,USD,25.000000,5.750000,Quarterly,16,"[""2024-09-10"", ""2024-12-10"", ""2025-03-10"", ""2025-06-10"", ""2025-09-10"", ""2025-12-10"", ""2026-03-10"", ""2026-06-10"", ""2026-09-10"", ""2026-12-10"", ""2027-03-10"", ""2027-06-10"", ""2027-09-10"", ""2027-12-10"", ""2028-03-10"", ""2028-06-10""]",ACT/ACT,2028-06-10,2024-06-10,2024-09-10,Coupon bond,Debt Instrument,ARARATBANK OJSC,23,BBond,Listed,5000000.000000,1829550000.0000002,200000.000000,0,
AMARLSB21ER9,ARLSB1,AMD,50000.000000,12.000000,Quarterly,12,"[""2026-05-04"", ""2026-08-04"", ""2026-11-04"", ""2027-02-04"", ""2027-05-04"", ""2027-08-04"", ""2027-11-04"", ""2028-02-04"", ""2028-05-04"", ""2028-08-04"", ""2028-11-04"", ""2029-02-04""]",ACT/ACT,2029-02-04,2026-02-04,2026-05-04,Coupon bond,Debt Instrument,ARMLEASING UCO CJSC,359,ABond,Listed,1000000000.000000,1000000000.000000,20000.000000,0,
AMARLVB21ER3,ARLVB1,AMD,50000.000000,12.000000,Semi-Annually,6,"[""2025-10-01"", ""2026-04-01"", ""2026-10-01"", ""2027-04-01"", ""2027-10-01"", ""2028-04-01""]",ACT/ACT,2028-04-01,2025-04-01,2025-10-01,Coupon bond,Debt Instrument,Arinterlev CJSC,339,ABond,Listed,1000000000.000000,1000000000.000000,20000.000000,0,
AMASGRB21ER9,ASGRB1,AMD,10000.000000,12.000000,Quarterly,40,"[""2021-09-11"", ""2021-12-11"", ""2022-03-11"", ""2022-06-11"", ""2022-09-11"", ""2022-12-11"", ""2023-03-11"", ""2023-06-11"", ""2023-09-11"", ""2023-12-11"", ""2024-03-11"", ""2024-06-11"", ""2024-09-11"", ""2024-12-11"", ""2025-03-11"", ""2025-06-11"", ""2025-09-11"", ""2025-12-11"", ""2026-03-11"", ""2026-06-11"", ""2026-09-11"", ""2026-12-11"", ""2027-03-11"", ""2027-06-11"", ""2027-09-11"", ""2027-12-11"", ""2028-03-11"", ""2028-06-11"", ""2028-09-11"", ""2028-12-11"", ""2029-03-11"", ""2029-06-11"", ""2029-09-11"", ""2029-12-11"", ""2030-03-11"", ""2030-06-11"", ""2030-09-11"", ""2030-12-11"", ""2031-03-11"", ""2031-06-11""]",ACT/ACT,2031-06-11,2021-06-11,2021-09-11,Coupon bond,Debt Instrument,ASCE GROUP OJSC,313,BBond,Listed,1552000000.000000,1552000000.000000,155200.000000,0,
AMASGRB22ER7,ASGRB2,USD,100.000000,7.000000,Quarterly,40,"[""2021-09-11"", ""2021-12-11"", ""2022-03-11"", ""2022-06-11"", ""2022-09-11"", ""2022-12-11"", ""2023-03-11"", ""2023-06-11"", ""2023-09-11"", ""2023-12-11"", ""2024-03-11"", ""2024-06-11"", ""2024-09-11"", ""2024-12-11"", ""2025-03-11"", ""2025-06-11"", ""2025-09-11"", ""2025-12-11"", ""2026-03-11"", ""2026-06-11"", ""2026-09-11"", ""2026-12-11"", ""2027-03-11"", ""2027-06-11"", ""2027-09-11"", ""2027-12-11"", ""2028-03-11"", ""2028-06-11"", ""2028-09-11"", ""2028-12-11"", ""2029-03-11"", ""2029-06-11"", ""2029-09-11"", ""2029-12-11"", ""2030-03-11"", ""2030-06-11"", ""2030-09-11"", ""2030-12-11"", ""2031-03-11"", ""2031-06-11""]",ACT/ACT,2031-06-11,2021-06-11,2021-09-11,Coupon bond,Debt Instrument,ASCE GROUP OJSC,313,BBond,Listed,1140600.000000,417356946,11406.000000,0,
AMASGRB23KT8,ASGRB3,AMD,10000.000000,12.250000,Quarterly,40,"[""2024-12-16"", ""2025-03-16"", ""2025-06-16"", ""2025-09-16"", ""2025-12-16"", ""2026-03-16"", ""2026-06-16"", ""2026-09-16"", ""2026-12-16"", ""2027-03-16"", ""2027-06-16"", ""2027-09-16"", ""2027-12-16"", ""2028-03-16"", ""2028-06-16"", ""2028-09-16"", ""2028-12-16"", ""2029-03-16"", ""2029-06-16"", ""2029-09-16"", ""2029-12-16"", ""2030-03-16"", ""2030-06-16"", ""2030-09-16"", ""2030-12-16"", ""2031-03-16"", ""2031-06-16"", ""2031-09-16"", ""2031-12-16"", ""2032-03-16"", ""2032-06-16"", ""2032-09-16"", ""2032-12-16"", ""2033-03-16"", ""2033-06-16"", ""2033-09-16"", ""2033-12-16"", ""2034-03-16"", ""2034-06-16"", ""2034-09-16""]",ACT/ACT,2034-09-16,2024-09-16,2024-12-16,Coupon bond,Debt Instrument,ASCE GROUP OJSC,313,ABond,Listed,15000000000.000000,15000000000.000000,1500000.000000,0,
AMASGRB24KT6,ASGRB4,USD,100.000000,7.500000,Quarterly,40,"[""2024-12-16"", ""2025-03-16"", ""2025-06-16"", ""2025-09-16"", ""2025-12-16"", ""2026-03-16"", ""2026-06-16"", ""2026-09-16"", ""2026-12-16"", ""2027-03-16"", ""2027-06-16"", ""2027-09-16"", ""2027-12-16"", ""2028-03-16"", ""2028-06-16"", ""2028-09-16"", ""2028-12-16"", ""2029-03-16"", ""2029-06-16"", ""2029-09-16"", ""2029-12-16"", ""2030-03-16"", ""2030-06-16"", ""2030-09-16"", ""2030-12-16"", ""2031-03-16"", ""2031-06-16"", ""2031-09-16"", ""2031-12-16"", ""2032-03-16"", ""2032-06-16"", ""2032-09-16"", ""2032-12-16"", ""2033-03-16"", ""2033-06-16"", ""2033-09-16"", ""2033-12-16"", ""2034-03-16"", ""2034-06-16"", ""2034-09-16""]",ACT/ACT,2034-09-16,2024-09-16,2024-12-16,Coupon bond,Debt Instrument,ASCE GROUP OJSC,313,ABond,Listed,15000000.000000,5488650000,150000.000000,0,
AMCOVSB2JER8,COVSBJ,USD,100.000000,4.750000,Semi-Annually,6,"[""2024-10-17"", ""2025-04-17"", ""2025-10-17"", ""2026-04-17"", ""2026-10-17"", ""2027-04-17""]",ACT/ACT,2027-04-17,2024-04-17,2024-10-17,Coupon bond,Debt Instrument,Converse Bank CJSC,81,ABond,Listed,10000000.000000,3659100000.0000005,100000.000000,0,
AMCOVSB2KER6,COVSBK,AMD,50000.000000,9.750000,Semi-Annually,4,"[""2025-05-01"", ""2025-11-01"", ""2026-05-01"", ""2026-11-01""]",ACT/ACT,2026-11-01,2024-11-01,2025-05-01,Coupon bond,Debt Instrument,Converse Bank CJSC,81,ABond,Listed,5000000000.000000,5000000000.000000,100000.000000,0,
AMCOVSB2LER4,COVSBL,USD,100.000000,4.500000,Semi-Annually,6,"[""2025-05-01"", ""2025-11-01"", ""2026-05-01"", ""2026-11-01"", ""2027-05-01"", ""2027-11-01""]",ACT/ACT,2027-11-01,2024-11-01,2025-05-01,Coupon bond,Debt Instrument,Converse Bank CJSC,81,ABond,Listed,5000000.000000,1829550000.0000002,50000.000000,0,
AMCOVSB2MER2,COVSBM,USD,100.000000,5.000000,Semi-Annually,6,"[""2025-10-16"", ""2026-04-16"", ""2026-10-16"", ""2027-04-16"", ""2027-10-16"", ""2028-04-16""]",ACT/ACT,2028-04-16,2025-04-16,2025-10-16,Coupon bond,Debt Instrument,Converse Bank CJSC,81,ABond,Listed,10000000.000000,3659100000.0000005,100000.000000,0,
AMCOVSB2NER0,COVSBN,AMD,50000.000000,10.250000,Semi-Annually,4,"[""2025-11-26"", ""2026-05-26"", ""2026-11-26"", ""2027-05-26""]",ACT/ACT,2027-05-26,2025-05-26,2025-11-26,Coupon bond,Debt Instrument,Converse Bank CJSC,81,ABond,Listed,3000000000.000000,3000000000.000000,60000.000000,0,
AMCOVSB2OER8,COVSBO,AMD,50000.000000,9.750000,Semi-Annually,4,"[""2026-05-18"", ""2026-11-18"", ""2027-05-18"", ""2027-11-18""]",ACT/ACT,2027-11-18,2025-11-18,2026-05-18,Coupon bond,Debt Instrument,Converse Bank CJSC,81,ABond,Listed,2000000000.000000,2000000000.000000,40000.000000,0,
AMCOVSB2PER5,COVSBP,USD,100.000000,5.250000,Semi-Annually,8,"[""2026-05-18"", ""2026-11-18"", ""2027-05-18"", ""2027-11-18"", ""2028-05-18"", ""2028-11-18"", ""2029-05-18"", ""2029-11-18""]",ACT/ACT,2029-11-18,2025-11-18,2026-05-18,Coupon bond,Debt Instrument,Converse Bank CJSC,81,ABond,Listed,5000000.000000,1829550000.0000002,50000.000000,0,
AMCOVSB2QER3,COVSBQ,USD,100.000000,5.000000,Semi-Annually,6,"[""2026-05-18"", ""2026-11-18"", ""2027-05-18"", ""2027-11-18"", ""2028-05-18"", ""2028-11-18""]",ACT/ACT,2028-11-18,2025-11-18,2026-05-18,Coupon bond,Debt Instrument,Converse Bank CJSC,81,ABond,Listed,5000000.000000,1829550000.0000002,50000.000000,0,
AMCRFOB21ER6,CRFOB1,AMD,100000.000000,12.750000,Quarterly,12,"[""2025-04-07"", ""2025-07-07"", ""2025-10-07"", ""2026-01-07"", ""2026-04-07"", ""2026-07-07"", ""2026-10-07"", ""2027-01-07"", ""2027-04-07"", ""2027-07-07"", ""2027-10-07"", ""2028-01-07""]",ACT/ACT,2028-01-07,2025-01-07,2025-04-07,Coupon bond,Debt Instrument,Crowdfunding Formula LLC,337,BBond,Listed,400000000.000000,400000000.000000,4000.000000,0,
AMDLNTB21ER0,DLNTB1,AMD,100000.000000,13.500000,Semi-Annually,6,"[""2026-05-10"", ""2026-11-10"", ""2027-05-10"", ""2027-11-10"", ""2028-05-10"", ""2028-11-10""]",ACT/ACT,2028-11-10,2024-11-10,2026-05-10,Coupon bond,Debt Instrument,DALAN TECHNOLOGIES LLC,358,BBond,Listed,2500000000.000000,2500000000.000000,25000.000000,0,
AMDLNTB22ER8,DLNTB2,USD,100.000000,8.750000,Semi-Annually,6,"[""2026-05-10"", ""2026-11-10"", ""2027-05-10"", ""2027-11-10"", ""2028-05-10"", ""2028-11-10""]",ACT/ACT,2028-11-10,2025-11-10,2026-05-10,Coupon bond,Debt Instrument,DALAN TECHNOLOGIES LLC,358,BBond,Listed,3000000.000000,1097730000,30000.000000,0,
AMEABRB21ER0,EABRB1,USD,1000.000000,6.000000,Semi-Annually,6,"[""2024-02-15"", ""2024-08-15"", ""2025-02-15"", ""2025-08-15"", ""2026-02-15"", ""2026-08-15""]",ACT/ACT,2026-08-15,2023-08-15,2024-02-15,Coupon bond,Debt Instrument,Eurasian Development Bank,112,ABond,Listed,20000000.000000,7318200000.000001,20000.000000,0,
AMEVTMB21ER9,EVTMB1,AMD,10000.000000,12.500000,Semi-Annually,6,"[""2024-05-28"", ""2024-11-28"", ""2025-05-28"", ""2025-11-28"", ""2026-05-28"", ""2026-11-28""]",ACT/ACT,2026-11-28,2023-11-28,2024-05-28,Coupon bond,Debt Instrument,Euroterm CJSC,330,ABond,Listed,500000000.000000,500000000.000000,50000.000000,0,
AMFARMB21ER4,FARMB1,AMD,100000.000000,12.250000,Quarterly,10,"[""2024-08-02"", ""2024-11-02"", ""2025-02-02"", ""2025-05-02"", ""2025-08-02"", ""2025-11-02"", ""2026-02-02"", ""2026-05-02"", ""2026-08-02"", ""2026-11-02""]",ACT/ACT,2026-11-02,2024-05-02,2024-08-02,Coupon bond,Debt Instrument,FARM CREDIT ARMENIA UCO CC,333,BBond,Listed,1200000000.000000,1200000000.000000,12000.000000,0,
AMFMGCB25ER4,FMGCB5,AMD,100000.000000,11.800000,Quarterly,12,"[""2024-09-18"", ""2024-12-18"", ""2025-03-18"", ""2025-06-18"", ""2025-09-18"", ""2025-12-18"", ""2026-03-18"", ""2026-06-18"", ""2026-09-18"", ""2026-12-18"", ""2027-03-18"", ""2027-06-18""]",ACT/ACT,2027-06-18,2024-06-18,2024-09-18,Coupon bond,Debt Instrument,First Mortgage Company UCO LLC,119,BBond,Listed,300000000.000000,300000000.000000,3000.000000,0,
AMFMGCB26ER2,FMGCB6,USD,100.000000,7.000000,Quarterly,12,[],ACT/ACT,2027-06-18,2024-06-18,,Coupon bond,Debt Instrument,First Mortgage Company UCO LLC,119,BBond,Listed,2000000.000000,731820000,20000.000000,0,
AMFNCAB2GER5,FNCABG,AMD,50000.000000,12.000000,Quarterly,10,"[""2024-09-25"", ""2024-12-25"", ""2025-03-25"", ""2025-06-25"", ""2025-09-25"", ""2025-12-25"", ""2026-03-25"", ""2026-06-25"", ""2026-09-25"", ""2026-12-25""]",ACT/ACT,2026-12-25,2024-06-25,2024-09-25,Coupon bond,Debt Instrument,FINCA UCO CJSC,317,BBond,Listed,1100000000.000000,1100000000.000000,22000.000000,0,
AMFNCAB2HER3,FNCABH,AMD,50000.000000,11.750000,Quarterly,12,"[""2025-02-27"", ""2025-05-27"", ""2025-08-27"", ""2025-11-27"", ""2026-02-27"", ""2026-05-27"", ""2026-08-27"", ""2026-11-27"", ""2027-02-27"", ""2027-05-27"", ""2027-08-27"", ""2027-11-27""]",ACT/ACT,2027-11-27,2024-11-27,2025-02-27,Coupon bond,Debt Instrument,FINCA UCO CJSC,317,BBond,Listed,850000000.000000,850000000.000000,17000.000000,0,
AMFNCAB2IER1,FNCABI,AMD,50000.000000,11.500000,Quarterly,12,"[""2025-05-12"", ""2025-08-12"", ""2025-11-12"", ""2026-02-12"", ""2026-05-12"", ""2026-08-12"", ""2026-11-12"", ""2027-02-12"", ""2027-05-12"", ""2027-08-12"", ""2027-11-12"", ""2028-02-12""]",ACT/ACT,2028-02-12,2025-02-12,2025-05-12,Coupon bond,Debt Instrument,FINCA UCO CJSC,317,BBond,Listed,1217400000.000000,1217400000.000000,24348.000000,0,
AMFNCAB2JER9,FNCABJ,AMD,50000.000000,11.750000,Quarterly,12,"[""2025-10-21"", ""2026-01-21"", ""2026-04-21"", ""2026-07-21"", ""2026-10-21"", ""2027-01-21"", ""2027-04-21"", ""2027-07-21"", ""2027-10-21"", ""2028-01-21"", ""2028-04-21"", ""2028-07-21""]",ACT/ACT,2028-07-21,2025-07-21,2025-10-21,Coupon bond,Debt Instrument,FINCA UCO CJSC,317,BBond,Listed,800000000.000000,800000000.000000,16000.000000,0,
AMFNCAB2KER7,FNCABK,AMD,50000.000000,11.750000,Quarterly,12,"[""2026-02-24"", ""2026-05-24"", ""2026-08-24"", ""2026-11-24"", ""2027-02-24"", ""2027-05-24"", ""2027-08-24"", ""2027-11-24"", ""2028-02-24"", ""2028-05-24"", ""2028-08-24"", ""2028-11-24""]",ACT/ACT,2028-11-24,2025-11-24,2026-02-24,Coupon bond,Debt Instrument,FINCA UCO CJSC,317,BBond,Listed,938000000.000000,938000000.000000,18760.000000,0,
AMFSCRB2DER8,FSCRBD,AMD,100000.000000,11.000000,Quarterly,10,"[""2024-07-19"", ""2024-10-19"", ""2025-01-19"", ""2025-04-19"", ""2025-07-19"", ""2025-10-19"", ""2026-01-19"", ""2026-04-19"", ""2026-07-19"", ""2026-10-19""]",ACT/ACT,2026-10-19,2024-04-19,2024-07-19,Coupon bond,Debt Instrument,Fast Bank  CJSC,116,BBond,Listed,2000000000.000000,2000000000.000000,20000.000000,0,
AMFSCRB2EER6,FSCRBE,AMD,100000.000000,10.250000,Quarterly,12,"[""2025-01-11"", ""2025-04-11"", ""2025-07-11"", ""2025-10-11"", ""2026-01-11"", ""2026-04-11"", ""2026-07-11"", ""2026-10-11"", ""2027-01-11"", ""2027-04-11"", ""2027-07-11"", ""2027-10-11""]",ACT/ACT,2027-10-11,2024-10-11,2025-01-11,Coupon bond,Debt Instrument,Fast Bank  CJSC,116,BBond,Listed,1175900000.000000,1175900000.000000,11759.000000,0,
AMFSCRB2FER3,FSCRBF,USD,100.000000,6.250000,Quarterly,12,"[""2025-01-11"", ""2025-04-11"", ""2025-07-11"", ""2025-10-11"", ""2026-01-11"", ""2026-04-11"", ""2026-07-11"", ""2026-10-11"", ""2027-01-11"", ""2027-04-11"", ""2027-07-11"", ""2027-10-11""]",ACT/ACT,2027-10-11,2024-10-11,2025-01-11,Coupon bond,Debt Instrument,Fast Bank  CJSC,116,BBond,Listed,3448800.000000,1261950408,34488.000000,0,
AMFSCRB2GER1,FSCRBG,EUR,100.000000,5.250000,Quarterly,12,"[""2025-01-11"", ""2025-04-11"", ""2025-07-11"", ""2025-10-11"", ""2026-01-11"", ""2026-04-11"", ""2026-07-11"", ""2026-10-11"", ""2027-01-11"", ""2027-04-11"", ""2027-07-11"", ""2027-10-11""]",ACT/ACT,2027-10-11,2024-10-11,2025-01-11,Coupon bond,Debt Instrument,Fast Bank  CJSC,116,BBond,Listed,685300.000000,289224012,6853.000000,0,
AMFSCRB2HER9,FSCRBH,AMD,100000.000000,10.750000,Semi-Annually,6,"[""2025-08-17"", ""2026-02-17"", ""2026-08-17"", ""2027-02-17"", ""2027-08-17"", ""2028-02-17""]",ACT/ACT,2028-02-17,2025-02-17,2025-08-17,Coupon bond,Debt Instrument,Fast Bank  CJSC,116,BBond,Listed,3000000000.000000,3000000000.000000,30000.000000,0,
AMFSCRB2IER7,FSCRBI,USD,100.000000,6.250000,Semi-Annually,6,"[""2025-08-17"", ""2026-02-17"", ""2026-08-17"", ""2027-02-17"", ""2027-08-17"", ""2028-02-17""]",ACT/ACT,2028-02-17,2025-02-17,2025-08-17,Coupon bond,Debt Instrument,Fast Bank  CJSC,116,BBond,Listed,2671500.000000,977528565.0000001,26715.000000,0,
AMFSCRB2JER5,FSCRBJ,EUR,100.000000,5.250000,Semi-Annually,6,"[""2025-08-17"", ""2026-02-17"", ""2026-08-17"", ""2027-02-17"", ""2027-08-17"", ""2028-02-17""]",ACT/ACT,2028-02-17,2025-02-17,2025-08-17,Coupon bond,Debt Instrument,Fast Bank  CJSC,116,BBond,Listed,758800.000000,320243952,7588.000000,0,
AMFSCRB2KER3,FSCRBK,AMD,100000.000000,10.750000,Semi-Annually,,"[""2026-02-04"", ""2026-08-04"", ""2027-02-04"", ""2027-08-04""]",ACT/ACT,2027-08-04,2025-08-08,2026-02-04,Coupon bond,Debt Instrument,Fast Bank  CJSC,116,BBond,Listed,6198700000.000000,6198700000.000000,61987.000000,0,
AMFSCRB2LER1,FSCRBL,USD,100.000000,6.250000,Semi-Annually,,"[""2026-02-04"", ""2026-08-04"", ""2027-02-04"", ""2027-08-04""]",ACT/ACT,2027-08-04,2025-08-04,2026-02-04,Coupon bond,Debt Instrument,Fast Bank  CJSC,116,BBond,Listed,2000000.000000,731820000,20000.000000,0,
AMFSCRB2MER9,FSCRBM,USD,100.000000,6.250000,Semi-Annually,4,"[""2026-03-22"", ""2026-09-22"", ""2027-03-22"", ""2027-09-22""]",ACT/ACT,2027-09-22,2025-09-22,2026-03-22,Coupon bond,Debt Instrument,Fast Bank  CJSC,116,BBond,Listed,4000000.000000,1463640000,40000.000000,0,
AMFSCRB2NER7,FSCRBN,AMD,100000.000000,10.750000,Semi-Annually,4,"[""2026-05-10"", ""2026-11-10"", ""2027-05-10"", ""2027-11-10""]",ACT/ACT,2027-11-10,2025-11-10,2026-05-10,Coupon bond,Debt Instrument,Fast Bank  CJSC,116,BBond,Listed,12000000000.000000,12000000000.000000,120000.000000,0,
AMFSCRB2OER5,FSCRBO,USD,100.000000,6.000000,Semi-Annually,4,"[""2026-08-23"", ""2027-02-23"", ""2027-08-23"", ""2028-02-23""]",ACT/ACT,2028-02-23,2026-02-23,2026-08-23,Coupon bond,Debt Instrument,Fast Bank  CJSC,116,BBond,Listed,2827800.000000,1034720298.0000001,28278.000000,0,
AMFSCRB2PER2,FSCRBP,USD,100.000000,6.250000,Semi-Annually,8,"[""2026-08-23"", ""2027-02-23"", ""2027-08-23"", ""2028-02-23"", ""2028-08-23"", ""2029-02-23"", ""2029-08-23"", ""2030-02-23""]",ACT/ACT,2030-02-23,2026-02-23,2026-08-23,Coupon bond,Debt Instrument,Fast Bank  CJSC,116,BBond,Listed,2669800.000000,976906518.0000001,26698.000000,0,
AMFSTLB21ER4,FSTLB1,AMD,100000.000000,13.000000,Quarterly,12,"[""2026-03-24"", ""2026-06-24"", ""2026-09-24"", ""2026-12-24"", ""2027-03-24"", ""2027-06-24"", ""2027-09-24"", ""2027-12-24"", ""2028-03-24"", ""2028-06-24"", ""2028-09-24"", ""2028-12-24""]",ACT/ACT,2028-12-24,2025-12-24,2026-03-24,Coupon bond,Debt Instrument,FREE STYLE LLC,356,BBond,Listed,1500000000.000000,1500000000.000000,15000.000000,0,
AMGLBSB21ER0,GLBSB1,AMD,50000.000000,12.000000,Semi-Annually,6,"[""2026-06-12"", ""2026-12-12"", ""2027-06-12"", ""2027-12-12"", ""2028-06-12"", ""2028-12-12""]",ACT/ACT,2028-12-12,2025-12-12,2026-06-12,Coupon bond,Debt Instrument,Global Shipping LLC,354,ABond,Listed,1500000000.000000,1500000000.000000,30000.000000,0,
AMGLBSB22ER8,GLBSB2,USD,100.000000,8.250000,Semi-Annually,6,"[""2026-06-12"", ""2026-12-12"", ""2027-06-12"", ""2027-12-12"", ""2028-06-12"", ""2028-12-12""]",ACT/ACT,2028-12-12,2025-12-12,2026-06-12,Coupon bond,Debt Instrument,Global Shipping LLC,354,ABond,Listed,2000000.000000,731820000,20000.000000,0,
AMGRUCB21ER1,GRUCB1,AMD,50000.000000,12.500000,Quarterly,12,"[""2026-06-18"", ""2026-09-18"", ""2026-12-18"", ""2027-03-18"", ""2027-06-18"", ""2027-09-18"", ""2027-12-18"", ""2028-03-18"", ""2028-06-18"", ""2028-09-18"", ""2028-12-18"", ""2029-03-18""]",ACT/ACT,2029-03-18,2026-03-18,2026-06-18,Coupon bond,Debt Instrument,GARNI INVEST UCO CJSC,360,BBond,Listed,500000000.000000,500000000.000000,10000.000000,0,
AMGRUCB22ER9,GRUCB2,USD,100.000000,6.500000,Quarterly,12,"[""2026-06-18"", ""2026-09-18"", ""2026-12-18"", ""2027-03-18"", ""2027-06-18"", ""2027-09-18"", ""2027-12-18"", ""2028-03-18"", ""2028-06-18"", ""2028-09-18"", ""2028-12-18"", ""2029-03-18""]",ACT/ACT,2029-03-18,2026-03-18,2026-06-18,Coupon bond,Debt Instrument,GARNI INVEST UCO CJSC,360,BBond,Listed,1000000.000000,365910000,10000.000000,0,
AMHELCB21ER6,HELCB1,AMD,100000.000000,11.400000,Semi-Annually,6,"[""2024-06-11"", ""2024-12-11"", ""2025-06-11"", ""2025-12-11"", ""2026-06-11"", ""2026-12-11""]",ACT/ACT,2026-12-11,2023-12-11,2024-06-11,Coupon bond,Debt Instrument,ENA CJSC,331,ABond,Listed,32000000000.000000,32000000000.000000,320000.000000,0,
AMHELCB22ER4,HELCB2,USD,100.000000,7.250000,Semi-Annually,8,"[""2025-01-15"", ""2025-07-15"", ""2026-01-15"", ""2026-07-15"", ""2027-01-15"", ""2027-07-15"", ""2028-01-15"", ""2028-07-15""]",ACT/ACT,2028-07-15,2024-07-15,2025-01-15,Coupon bond,Debt Instrument,ENA CJSC,331,ABond,Listed,30000000.000000,10977300000,300000.000000,0,
AMHELCB23ER2,HELCB3,USD,100.000000,7.250000,Semi-Annually,10,"[""2025-02-01"", ""2025-08-01"", ""2026-02-01"", ""2026-08-01"", ""2027-02-01"", ""2027-08-01"", ""2028-02-01"", ""2028-08-01"", ""2029-02-01"", ""2029-08-01""]",ACT/ACT,2029-08-01,2024-08-01,2025-02-01,Coupon bond,Debt Instrument,ENA CJSC,331,ABond,Listed,30000000.000000,10977300000,300000.000000,0,
AMHELCB24ER0,HELCB4,USD,100.000000,7.450000,Quarterly,24,"[""2025-02-18"", ""2025-05-18"", ""2025-08-18"", ""2025-11-18"", ""2026-02-18"", ""2026-05-18"", ""2026-08-18"", ""2026-11-18"", ""2027-02-18"", ""2027-05-18"", ""2027-08-18"", ""2027-11-18"", ""2028-02-18"", ""2028-05-18"", ""2028-08-18"", ""2028-11-18"", ""2029-02-18"", ""2029-05-18"", ""2029-08-18"", ""2029-11-18"", ""2030-02-18"", ""2030-05-18"", ""2030-08-18"", ""2030-11-18""]",ACT/ACT,2030-11-18,2024-11-18,2025-02-18,Coupon bond,Debt Instrument,ENA CJSC,331,ABond,Listed,20000000.000000,7318200000.000001,200000.000000,0,
AMHELCB25ER7,HELCB5,AMD,100000.000000,10.750000,Quarterly,24,"[""2025-02-18"", ""2025-05-18"", ""2025-08-18"", ""2025-11-18"", ""2026-02-18"", ""2026-05-18"", ""2026-08-18"", ""2026-11-18"", ""2027-02-18"", ""2027-05-18"", ""2027-08-18"", ""2027-11-18"", ""2028-02-18"", ""2028-05-18"", ""2028-08-18"", ""2028-11-18"", ""2029-02-18"", ""2029-05-18"", ""2029-08-18"", ""2029-11-18"", ""2030-02-18"", ""2030-05-18"", ""2030-08-18"", ""2030-11-18""]",ACT/ACT,2030-11-18,2024-11-18,2025-02-18,Coupon bond,Debt Instrument,ENA CJSC,331,ABond,Listed,6200000000.000000,6200000000.000000,62000.000000,0,
AMHEZBB2GER6,HEZBBG,AMD,10000.000000,10.250000,Semi-Annually,6,"[""2025-01-22"", ""2025-07-22"", ""2026-01-22"", ""2026-07-22"", ""2027-01-22"", ""2027-07-22""]",ACT/ACT,2027-07-22,2024-07-22,2025-01-22,Coupon bond,Debt Instrument,ARMECONOMBANK OJSC,34,BBond,Listed,1500000000.000000,1500000000.000000,150000.000000,0,
AMHEZBB2HER4,HEZBBH,USD,100.000000,5.000000,Semi-Annually,6,"[""2025-01-22"", ""2025-07-22"", ""2026-01-22"", ""2026-07-22"", ""2027-01-22"", ""2027-07-22""]",ACT/ACT,2027-07-22,2024-07-22,2025-01-22,Coupon bond,Debt Instrument,ARMECONOMBANK OJSC,34,BBond,Listed,3500000.000000,1280685000,35000.000000,0,
AMHEZBB2IER2,HEZBBI,AMD,10000.000000,11.000000,Semi-Annually,6,"[""2025-09-03"", ""2026-03-03"", ""2026-09-03"", ""2027-03-03"", ""2027-09-03"", ""2028-03-03""]",ACT/ACT,2028-03-03,2025-03-03,2025-09-03,Coupon bond,Debt Instrument,ARMECONOMBANK OJSC,34,BBond,Listed,3000000000.000000,3000000000.000000,300000.000000,0,
AMHEZBB2JER0,HEZBBJ,USD,100.000000,5.500000,Semi-Annually,6,"[""2025-09-03"", ""2026-03-03"", ""2026-09-03"", ""2027-03-03"", ""2027-09-03"", ""2028-03-03""]",ACT/ACT,2028-03-03,2025-03-03,2025-09-03,Coupon bond,Debt Instrument,ARMECONOMBANK OJSC,34,BBond,Listed,2600000.000000,951366000.0000001,26000.000000,0,
AMHEZBB2KER8,HEZBBK,USD,100.000000,6.250000,Semi-Annually,10,"[""2025-09-03"", ""2026-03-03"", ""2026-09-03"", ""2027-03-03"", ""2027-09-03"", ""2028-03-03"", ""2028-09-03"", ""2029-03-03"", ""2029-09-03"", ""2030-03-03""]",ACT/ACT,2030-03-03,2025-03-03,2025-09-03,Coupon bond,Debt Instrument,ARMECONOMBANK OJSC,34,BBond,Listed,2300000.000000,841593000,23000.000000,0,
AMHEZBB2LER6,HEZBBL,AMD,10000.000000,11.000000,Semi-Annually,6,"[""2025-10-16"", ""2026-04-16"", ""2026-10-16"", ""2027-04-16"", ""2027-10-16"", ""2028-04-16""]",ACT/ACT,2028-04-16,2025-04-16,2025-10-16,Coupon bond,Debt Instrument,ARMECONOMBANK OJSC,34,BBond,Listed,3000000000.000000,3000000000.000000,300000.000000,0,
AMHEZBB2MER4,HEZBBM,AMD,10000.000000,10.750000,Semi-Annually,6,"[""2026-02-11"", ""2026-08-11"", ""2027-02-11"", ""2027-08-11"", ""2028-02-11"", ""2028-08-11""]",ACT/ACT,2028-08-11,2025-08-11,2026-02-11,Coupon bond,Debt Instrument,ARMECONOMBANK OJSC,34,BBond,Listed,4000000000.000000,4000000000.000000,400000.000000,0,
AMHEZBB2NER2,HEZBBN,USD,100.000000,5.500000,Semi-Annually,6,"[""2026-03-17"", ""2026-09-17"", ""2027-03-17"", ""2027-09-17"", ""2028-03-17"", ""2028-09-17""]",ACT/ACT,2028-09-17,2025-09-17,2026-03-17,Coupon bond,Debt Instrument,ARMECONOMBANK OJSC,34,BBond,Listed,5000000.000000,1829550000.0000002,50000.000000,0,
AMHEZBB2OER0,HEZBBO,AMD,10000.000000,10.500000,Semi-Annually,6,"[""2026-03-30"", ""2026-09-30"", ""2027-03-30"", ""2027-09-30"", ""2028-03-30"", ""2028-09-30""]",ACT/ACT,2028-09-30,2025-09-30,2026-03-30,Coupon bond,Debt Instrument,ARMECONOMBANK OJSC,34,BBond,Listed,3000000000.000000,3000000000.000000,300000.000000,0,
AMHEZBB2PER7,HEZBBP,USD,100.000000,5.500000,Semi-Annually,6,"[""2026-08-23"", ""2027-02-23"", ""2027-08-23"", ""2028-02-23"", ""2028-08-23"", ""2029-02-23""]",ACT/ACT,2029-02-23,2026-02-23,2026-08-23,Coupon bond,Debt Instrument,ARMECONOMBANK OJSC,34,BBond,Listed,2000000.000000,731820000,20000.000000,0,
AMHEZBB2QER5,HEZBBQ,AMD,10000.000000,10.250000,Semi-Annually,6,"[""2026-08-23"", ""2027-02-23"", ""2027-08-23"", ""2028-02-23"", ""2028-08-23"", ""2029-02-23""]",ACT/ACT,2029-02-23,2026-02-23,2026-08-23,Coupon bond,Debt Instrument,ARMECONOMBANK OJSC,34,BBond,Listed,4000000000.000000,4000000000.000000,400000.000000,0,
AMHEZBB2RER3,HEZBBR,AMD,10000.000000,10.000000,Semi-Annually,6,"[""2026-09-02"", ""2027-03-02"", ""2027-09-02"", ""2028-03-02"", ""2028-09-02"", ""2029-03-02""]",ACT/ACT,2029-03-02,2026-03-02,2026-09-02,Coupon bond,Debt Instrument,ARMECONOMBANK OJSC,34,BBond,Listed,3000000000.000000,3000000000.000000,300000.000000,0,
AMHSKAB21ER2,HSKAB1,AMD,100000.000000,11.750000,Semi-Annually,6,"[""2026-02-05"", ""2026-08-05"", ""2027-02-05"", ""2027-08-05"", ""2028-02-05"", ""2028-08-05""]",ACT/ACT,2028-08-05,2025-08-05,2026-02-05,Coupon bond,Debt Instrument,HSKA CJSC,346,BBond,Listed,1500000000.000000,1500000000.000000,15000.000000,0,
AMINECB2DER5,INECBD,USD,100.000000,4.500000,Quarterly,10,"[""2024-05-15"", ""2024-08-15"", ""2024-11-15"", ""2025-02-15"", ""2025-05-15"", ""2025-08-15"", ""2025-11-15"", ""2026-02-15"", ""2026-05-15"", ""2026-08-15""]",ACT/ACT,2026-08-15,2024-02-15,2024-05-15,Coupon bond,Debt Instrument,INECOBANK CJSC,173,ABond,Listed,5000000.000000,1829550000.0000002,50000.000000,0,
AMINECB2FER0,INECBF,USD,100.000000,4.750000,Quarterly,12,"[""2024-09-27"", ""2024-12-27"", ""2025-03-27"", ""2025-06-27"", ""2025-09-27"", ""2025-12-27"", ""2026-03-27"", ""2026-06-27"", ""2026-09-27"", ""2026-12-27"", ""2027-03-27"", ""2027-06-27""]",ACT/ACT,2027-06-27,2024-06-27,2024-09-27,Coupon bond,Debt Instrument,INECOBANK CJSC,173,ABond,Listed,5000000.000000,1829550000.0000002,50000.000000,0,
AMINECB2HER6,INECBH,AMD,10000.000000,10.000000,Semi-Annually,5,"[""2024-12-27"", ""2025-06-27"", ""2025-12-27"", ""2026-06-27"", ""2026-12-27""]",ACT/ACT,2026-12-27,2024-06-27,2024-12-27,Coupon bond,Debt Instrument,INECOBANK CJSC,173,ABond,Listed,5000000000.000000,5000000000.000000,500000.000000,0,
AMINECB2IER4,INECBI,AMD,10000.000000,10.500000,Quarterly,10,"[""2025-09-09"", ""2025-12-09"", ""2026-03-09"", ""2026-06-09"", ""2026-09-09"", ""2026-12-09"", ""2027-03-09"", ""2027-06-09"", ""2027-09-09"", ""2027-12-09""]",ACT/ACT,2027-12-09,2025-06-09,2025-09-09,Coupon bond,Debt Instrument,INECOBANK CJSC,173,ABond,Listed,5000000000.000000,5000000000.000000,500000.000000,0,
AMINECB2JER2,INECBJ,USD,100.000000,5.250000,Quarterly,9,"[""2025-09-09"", ""2025-12-09"", ""2026-03-09"", ""2026-06-09"", ""2026-09-09"", ""2026-12-09"", ""2027-03-09"", ""2027-06-09"", ""2027-09-09""]",ACT/ACT,2027-09-09,2025-06-09,2025-09-09,Coupon bond,Debt Instrument,INECOBANK CJSC,173,ABond,Listed,5000000.000000,1829550000.0000002,50000.000000,0,
AMINECB2KER0,INECBK,USD,100.000000,5.500000,Quarterly,12,"[""2025-09-09"", ""2025-12-09"", ""2026-03-09"", ""2026-06-09"", ""2026-09-09"", ""2026-12-09"", ""2027-03-09"", ""2027-06-09"", ""2027-09-09"", ""2027-12-09"", ""2028-03-09"", ""2028-06-09""]",ACT/ACT,2028-06-09,2025-06-09,2025-09-09,Coupon bond,Debt Instrument,INECOBANK CJSC,173,ABond,Listed,5000000.000000,1829550000.0000002,50000.000000,0,
AMINECB2LER8,INECBL,AMD,10000.000000,10.500000,Semi-Annually,6,"[""2025-12-26"", ""2026-06-26"", ""2026-12-26"", ""2027-06-26"", ""2027-12-26"", ""2028-06-26""]",ACT/ACT,2028-06-26,2025-06-26,2025-12-26,Coupon bond,Debt Instrument,INECOBANK CJSC,173,ABond,Listed,5000000000.000000,5000000000.000000,500000.000000,0,
AMINECB2MER6,INECBM,USD,100.000000,5.250000,Quarterly,12,"[""2025-11-28"", ""2026-02-28"", ""2026-05-28"", ""2026-08-28"", ""2026-11-28"", ""2027-02-28"", ""2027-05-28"", ""2027-08-28"", ""2027-11-28"", ""2028-02-28"", ""2028-05-28"", ""2028-08-28""]",ACT/ACT,2028-08-28,2025-08-28,2025-11-28,Coupon bond,Debt Instrument,INECOBANK CJSC,173,ABond,Listed,12000000.000000,4390920000,120000.000000,0,
AMINECB2NER4,INECBN,AMD,10000.000000,10.250000,Semi-Annually,6,"[""2026-06-10"", ""2026-12-10"", ""2027-06-10"", ""2027-12-10"", ""2028-06-10"", ""2028-12-10""]",ACT/ACT,2028-12-10,2025-12-10,2026-06-10,Coupon bond,Debt Instrument,INECOBANK CJSC,173,ABond,Listed,5000000000.000000,5000000000.000000,500000.000000,0,
AMINECB2OER2,INECBO,USD,100.000000,5.250000,Semi-Annually,6,"[""2026-06-10"", ""2026-12-10"", ""2027-06-10"", ""2027-12-10"", ""2028-06-10"", ""2028-12-10""]",ACT/ACT,2028-12-10,2025-12-10,2026-06-10,Coupon bond,Debt Instrument,INECOBANK CJSC,173,ABond,Listed,8000000.000000,2927280000,80000.000000,0,
AMINECB2PER9,INECBP,AMD,10000.000000,10.000000,Semi-Annually,6,"[""2026-10-03"", ""2027-04-03"", ""2027-10-03"", ""2028-04-03"", ""2028-10-03"", ""2029-04-03""]",ACT/ACT,2029-04-03,2026-04-03,2026-10-03,Coupon bond,Debt Instrument,INECOBANK CJSC,173,ABond,Listed,10000000000.000000,10000000000.000000,1000000.000000,0,
AMINECB2QER7,INECBQ,USD,100.000000,5.000000,Quarterly,9,"[""2026-07-03"", ""2026-10-03"", ""2027-01-03"", ""2027-04-03"", ""2027-07-03"", ""2027-10-03"", ""2028-01-03"", ""2028-04-03"", ""2028-07-03""]",ACT/ACT,2028-07-03,2026-04-03,2026-07-03,Coupon bond,Debt Instrument,INECOBANK CJSC,173,ABond,Listed,5000000.000000,1829550000.0000002,50000.000000,0,
AMINECB2RER5,INECBR,USD,100.000000,5.000000,Semi-Annually,6,"[""2026-10-14"", ""2027-04-14"", ""2027-10-14"", ""2028-04-14"", ""2028-10-14"", ""2029-04-14""]",ACT/ACT,2029-04-14,2026-04-14,2026-10-14,Coupon bond,Debt Instrument,INECOBANK CJSC,173,ABond,Listed,10000000.000000,3659100000.0000005,100000.000000,0,
AMINECB2SER3,INECBS,AMD,10000.000000,10.000000,Quarterly,12,"[""2026-10-16"", ""2027-01-16"", ""2027-04-16"", ""2027-07-16"", ""2027-10-16"", ""2028-01-16"", ""2028-04-16"", ""2028-07-16"", ""2028-10-16"", ""2029-01-16"", ""2029-04-16"", ""2029-07-16""]",ACT/ACT,2029-07-16,2026-07-16,2026-10-16,Coupon bond,Debt Instrument,INECOBANK CJSC,173,ABond,Listed,15000000000.000000,15000000000.000000,1500000.000000,0,
AMINECB2TER1,INECBT,EUR,100.000000,3.000000,Quarterly,9,"[""2026-10-16"", ""2027-01-16"", ""2027-04-16"", ""2027-07-16"", ""2027-10-16"", ""2028-01-16"", ""2028-04-16"", ""2028-07-16""]",ACT/ACT,2028-07-16,2026-07-16,2026-10-16,Coupon bond,Debt Instrument,INECOBANK CJSC,173,ABond,Listed,4000000.000000,1688160000,40000.000000,0,
AMINTMB21ER7,INTMB1,AMD,100000.000000,11.900000,Semi-Annually,6,"[""2026-06-15"", ""2026-12-15"", ""2027-06-15"", ""2027-12-15"", ""2028-06-15"", ""2028-12-15""]",ACT/ACT,2028-12-15,2025-12-15,2026-06-15,Coupon bond,Debt Instrument,Intelligent Management LLC,351,ABond,Listed,1000000000.000000,1000000000.000000,10000.000000,0,
AMINTMB22ER5,INTMB2,USD,100.000000,7.900000,Semi-Annually,6,"[""2026-06-15"", ""2026-12-15"", ""2027-06-15"", ""2027-12-15"", ""2028-06-15"", ""2028-12-15""]",ACT/ACT,2028-12-15,2025-12-15,2026-06-15,Coupon bond,Debt Instrument,Intelligent Management LLC,351,ABond,Listed,2500000.000000,914775000.0000001,25000.000000,0,
AMINTMB23ER3,INTMB3,AMD,100000.000000,11.700000,Semi-Annually,6,"[""2026-11-18"", ""2027-05-18"", ""2027-11-18"", ""2028-05-18"", ""2028-11-18"", ""2029-05-18""]",ACT/ACT,2029-05-18,2026-05-18,2026-11-18,Coupon bond,Debt Instrument,Intelligent Management LLC,351,ABond,Listed,3000000000.000000,3000000000.000000,30000.000000,0,
AMKMJOB21ER2,KMJOB1,AMD,50000.000000,12.500000,Quarterly,12,"[""2026-05-03"", ""2026-08-03"", ""2026-11-03"", ""2027-02-03"", ""2027-05-03"", ""2027-08-03"", ""2027-11-03"", ""2028-02-03"", ""2028-05-03"", ""2028-08-03"", ""2028-11-03"", ""2029-02-03""]",ACT/ACT,2029-02-03,2026-02-03,2026-05-03,Coupon bond,Debt Instrument,KAMURJ UCO CJSC,347,BBond,Listed,1000000000.000000,1000000000.000000,20000.000000,0,
AMKTELB21ER4,KTELB1,USD,100.000000,7.650000,Semi-Annually,6,"[""2025-08-12"", ""2026-02-12"", ""2026-08-12"", ""2027-02-12"", ""2027-08-12"", ""2028-02-12""]",ACT/ACT,2028-02-12,2025-02-12,2025-08-12,Coupon bond,Debt Instrument,Viva Armenia CJSC,340,BBond,Listed,80000000.000000,29272800000.000004,800000.000000,0,
AMLUYSB23ER9,LUYSB3,USD,1000.000000,8.000000,Semi-Annually,8,"[""2023-12-12"", ""2024-06-12"", ""2024-12-12"", ""2025-06-12"", ""2025-12-12"", ""2026-06-12"", ""2026-12-12"", ""2027-06-12""]",ACT/ACT,2027-06-12,2023-06-12,2023-12-12,Coupon bond,Debt Instrument,LUYSER CJSC,324,BBond,Listed,4000000.000000,1463640000,4000.000000,0,
AMLUYSB24ER7,LUYSB4,AMD,1000000.000000,12.000000,Semi-Annually,9,"[""2024-06-18"", ""2024-12-18"", ""2025-06-18"", ""2025-12-18"", ""2026-06-18"", ""2026-12-18"", ""2027-06-18"", ""2027-12-18"", ""2028-06-18""]",ACT/ACT,2028-06-18,2023-12-18,2024-06-18,Coupon bond,Debt Instrument,LUYSER CJSC,324,BBond,Listed,1500000000.000000,1500000000.000000,1500.000000,0,
AMLUYSB25ER4,LUYSB5,USD,1000.000000,8.000000,Semi-Annually,8,"[""2024-08-05"", ""2025-02-05"", ""2025-08-05"", ""2026-02-05"", ""2026-08-05"", ""2027-02-05"", ""2027-08-05"", ""2028-02-05""]",ACT/ACT,2028-02-05,2024-02-05,2024-08-05,Coupon bond,Debt Instrument,LUYSER CJSC,324,BBond,Listed,5000000.000000,1829550000.0000002,5000.000000,0,
AMMTGRB21ER2,MTGRB1,AMD,100000.000000,13.000000,Quarterly,20,"[""2026-04-23"", ""2026-07-23"", ""2026-10-23"", ""2027-01-23"", ""2027-04-23"", ""2027-07-23"", ""2027-10-23"", ""2028-01-23"", ""2028-04-23"", ""2028-07-23"", ""2028-10-23"", ""2029-01-23"", ""2029-04-23"", ""2029-07-23"", ""2029-10-23"", ""2030-01-23"", ""2030-04-23"", ""2030-07-23"", ""2030-10-23"", ""2031-01-23""]",ACT/ACT,2031-01-23,2026-01-23,2026-04-23,Coupon bond,Debt Instrument,METAL GROUP LLC,357,BBond,Listed,2000000000.000000,2000000000.000000,20000.000000,0,
AMNAGCB21SH3,NAGCB1,AMD,100000.000000,14.000000,Quarterly,14,"[""2025-11-27"", ""2026-02-27"", ""2026-05-27"", ""2026-08-27"", ""2026-11-27"", ""2027-02-27"", ""2027-05-27"", ""2027-08-27"", ""2027-11-27"", ""2028-02-27"", ""2028-05-27"", ""2028-08-27"", ""2028-11-27"", ""2029-02-27""]",ACT/ACT,2029-02-27,2025-08-27,2025-11-27,Coupon bond,Debt Instrument,New Age Construction LLC,343,BBond,Listed,1500000000.000000,1500000000.000000,15000.000000,0,
AMNAGCB22SH1,NAGCB2,AMD,100000.000000,13.000000,Semi-Annually,6,"[""2026-12-22"", ""2027-06-22"", ""2027-12-22"", ""2028-06-22"", ""2028-12-22"", ""2029-06-22""]",ACT/ACT,2029-06-22,2026-06-22,2026-12-22,Coupon bond,Debt Instrument,New Age Construction LLC,343,BBond,Listed,1000000000.000000,1000000000.000000,10000.000000,0,
AMNMCCB2PER5,NMCCBP,AMD,10000.000000,11.000000,Semi-Annually,6,"[""2024-06-20"", ""2024-12-20"", ""2025-06-20"", ""2025-12-20"", ""2026-06-20"", ""2026-12-20""]",ACT/ACT,2026-12-20,2023-12-20,2024-06-20,Coupon bond,Debt Instrument,National Mortgage Company RCO CJSC,214,ABond,Listed,5000000000.000000,5000000000.000000,500000.000000,0,
AMNMCCB2QER3,NMCCBQ,AMD,10000.000000,10.000000,Semi-Annually,6,"[""2024-09-26"", ""2025-03-26"", ""2025-09-26"", ""2026-03-26"", ""2026-09-26"", ""2027-03-26""]",ACT/ACT,2027-03-26,2024-03-26,2024-09-26,Coupon bond,Debt Instrument,National Mortgage Company RCO CJSC,214,ABond,Listed,5000000000.000000,5000000000.000000,500000.000000,0,
AMNMCCB2RER1,NMCCBR,AMD,10000.000000,9.500000,Semi-Annually,6,"[""2025-04-16"", ""2025-10-16"", ""2026-04-16"", ""2026-10-16"", ""2027-04-16"", ""2027-10-16""]",ACT/ACT,2027-10-16,2024-10-16,2025-04-16,Coupon bond,Debt Instrument,National Mortgage Company RCO CJSC,214,ABond,Listed,2238720000.000000,2238720000.000000,223872.000000,0,
AMNMCCB2SER9,NMCCBS,AMD,10000.000000,9.750000,Semi-Annually,6,"[""2025-10-10"", ""2026-04-10"", ""2026-10-10"", ""2027-04-10"", ""2027-10-10"", ""2028-04-10""]",ACT/ACT,2028-04-10,2025-04-10,2025-10-10,Coupon bond,Debt Instrument,National Mortgage Company RCO CJSC,214,ABond,Listed,7000000000.000000,7000000000.000000,700000.000000,0,
AMNMCCB2TER7,NMCCBT,AMD,10000.000000,9.000000,Semi-Annually,10,"[""2026-05-27"", ""2026-11-27"", ""2027-05-27"", ""2027-11-27"", ""2028-05-27"", ""2028-11-27"", ""2029-05-27"", ""2029-11-27"", ""2030-05-27"", ""2030-11-27""]",ACT/ACT,2030-11-27,2025-11-27,2026-05-27,Coupon bond,Debt Instrument,National Mortgage Company RCO CJSC,214,ABond,Listed,5298000000.000000,5298000000.000000,529800.000000,0,
AMNMCCB2UER5,NMCCBU,AMD,10000.000000,9.000000,Semi-Annually,10,"[""2026-12-16"", ""2027-06-16"", ""2027-12-16"", ""2028-06-16"", ""2028-12-16"", ""2029-06-16"", ""2029-12-16"", ""2030-06-16"", ""2030-12-16"", ""2031-06-16""]",ACT/ACT,2031-06-16,2026-06-16,2026-12-16,Coupon bond,Debt Instrument,National Mortgage Company RCO CJSC,214,ABond,Listed,2500000000.000000,2500000000.000000,250000.000000,0,
AMNOUTB21ER8,NOUTB1,AMD,100000.000000,13.000000,Quarterly,12,"[""2025-06-07"", ""2025-09-07"", ""2025-12-07"", ""2026-03-07"", ""2026-06-07"", ""2026-09-07"", ""2026-12-07"", ""2027-03-07"", ""2027-06-07"", ""2027-09-07"", ""2027-12-07"", ""2028-03-07""]",ACT/ACT,2028-03-07,2025-03-07,2025-06-07,Coupon bond,Debt Instrument,NOUT.AM  LLC,342,BBond,Listed,618700000.000000,618700000.000000,6187.000000,0,
AMNSANB21ER4,NSANB1,AMD,100000.000000,12.000000,Quarterly,12,"[""2026-04-16"", ""2026-07-16"", ""2026-10-16"", ""2027-01-16"", ""2027-04-16"", ""2027-07-16"", ""2027-10-16"", ""2028-01-16"", ""2028-04-16"", ""2028-07-16"", ""2028-10-16"", ""2029-01-16""]",ACT/ACT,2029-01-16,2026-01-16,2026-04-16,Coupon bond,Debt Instrument,NARSAN LLC,353,BBond,Listed,1500000000.000000,1500000000.000000,15000.000000,0,
AMPROMB2CER0,PROMBC,USD,100.000000,5.250000,Quarterly,12,"[""2024-10-25"", ""2025-01-25"", ""2025-04-25"", ""2025-07-25"", ""2025-10-25"", ""2026-01-25"", ""2026-04-25"", ""2026-07-25"", ""2026-10-25"", ""2027-01-25"", ""2027-04-25"", ""2027-07-25""]",ACT/ACT,2027-07-25,2024-07-25,2024-10-25,Coupon bond,Debt Instrument,EVOCABANK OJSC,323,BBond,Listed,15000000.000000,5488650000,150000.000000,0,
AMPROMB2DER8,PROMBD,AMD,10000.000000,10.250000,Quarterly,12,"[""2024-10-25"", ""2025-01-25"", ""2025-04-25"", ""2025-07-25"", ""2025-10-25"", ""2026-01-25"", ""2026-04-25"", ""2026-07-25"", ""2026-10-25"", ""2027-01-25"", ""2027-04-25"", ""2027-07-25""]",ACT/ACT,2027-07-25,2024-07-25,2024-10-25,Coupon bond,Debt Instrument,EVOCABANK OJSC,323,BBond,Listed,3000000000.000000,3000000000.000000,300000.000000,0,
AMPROMB2EER6,PROMBE,USD,100.000000,5.000000,Quarterly,12,"[""2024-12-30"", ""2025-03-30"", ""2025-06-30"", ""2025-09-30"", ""2025-12-30"", ""2026-03-30"", ""2026-06-30"", ""2026-09-30"", ""2026-12-30"", ""2027-03-30"", ""2027-06-30"", ""2027-09-30""]",ACT/ACT,2027-09-30,2024-09-30,2024-12-30,Coupon bond,Debt Instrument,EVOCABANK OJSC,323,BBond,Listed,15000000.000000,5488650000,150000.000000,0,
AMPROMB2FER3,PROMBF,AMD,10000.000000,10.000000,Quarterly,12,"[""2024-12-30"", ""2025-03-30"", ""2025-06-30"", ""2025-09-30"", ""2025-12-30"", ""2026-03-30"", ""2026-06-30"", ""2026-09-30"", ""2026-12-30"", ""2027-03-30"", ""2027-06-30"", ""2027-09-30""]",ACT/ACT,2027-09-30,2024-09-30,2024-12-30,Coupon bond,Debt Instrument,EVOCABANK OJSC,323,BBond,Listed,3000000000.000000,3000000000.000000,300000.000000,0,
AMRENSB21ER7,RENSB1,AMD,1000000.000000,12.000000,Semi-Annually,6,"[""2026-08-02"", ""2027-02-02"", ""2027-08-02"", ""2028-02-02"", ""2028-08-02"", ""2029-02-02""]",ACT/ACT,2029-02-02,2026-02-02,2026-08-02,Coupon bond,Debt Instrument,RENSHIN LLC,362,BBond,Listed,2300000000.000000,2300000000.000000,2300.000000,0,
AMRENSB22ER5,RENSB2,USD,10000.000000,8.000000,Semi-Annually,6,"[""2026-08-02"", ""2027-02-02"", ""2027-08-02"", ""2028-02-02"", ""2028-08-02"", ""2029-02-02""]",ACT/ACT,2029-02-02,2026-02-02,2026-08-02,Coupon bond,Debt Instrument,RENSHIN LLC,362,BBond,Listed,10000000.000000,3659100000.0000005,1000.000000,0,
AMRENSB23ER3,RENSB3,USD,10000.000000,8.500000,Semi-Annually,10,"[""2026-08-02"", ""2027-02-02"", ""2027-08-02"", ""2028-02-02"", ""2028-08-02"", ""2029-02-02"", ""2029-08-02"", ""2030-02-02"", ""2030-08-02"", ""2031-02-02""]",ACT/ACT,2031-02-02,2026-02-02,2026-08-02,Coupon bond,Debt Instrument,RENSHIN LLC,362,BBond,Listed,10000000.000000,3659100000.0000005,1000.000000,0,
AMSTAMB21ER3,STAMB1,AMD,100000.000000,13.500000,Quarterly,12,"[""2025-11-20"", ""2026-02-20"", ""2026-05-20"", ""2026-08-20"", ""2026-11-20"", ""2027-02-20"", ""2027-05-20"", ""2027-08-20"", ""2027-11-20"", ""2028-02-20"", ""2028-05-20"", ""2028-08-20""]",ACT/ACT,2028-08-20,2025-08-20,2025-11-20,Coupon bond,Debt Instrument,STAMINA LLC,344,BBond,Listed,250000000.000000,250000000.000000,2500.000000,0,
AMSTIGB21ER8,STIGB1,AMD,100000.000000,12.750000,Semi-Annually,6,"[""2025-08-27"", ""2026-02-27"", ""2026-08-27"", ""2027-02-27"", ""2027-08-27"", ""2028-02-27""]",ACT/ACT,2028-02-27,2025-02-27,2025-08-27,Coupon bond,Debt Instrument,SHTIGEN LLC,341,BBond,Listed,847100000.000000,847100000.000000,8471.000000,0,
AMSWISB2FER5,SWISBF,AMD,50000.000000,8.500000,Semi-Annually,12,"[""2021-03-28"", ""2021-09-28"", ""2022-03-28"", ""2022-09-28"", ""2023-03-28"", ""2023-09-28"", ""2024-03-28"", ""2024-09-28"", ""2025-03-28"", ""2025-09-28"", ""2026-03-28"", ""2026-09-28""]",ACT/ACT,2026-09-28,2020-09-28,2021-03-28,Coupon bond,Debt Instrument,ARMSWISSBANK CJSC,42,BBond,Listed,10000000000.000000,10000000000.000000,200000.000000,0,
AMSWISB2HER1,SWISBH,AMD,50000.000000,11.750000,Semi-Annually,8,"[""2023-12-01"", ""2024-06-01"", ""2024-12-01"", ""2025-06-01"", ""2025-12-01"", ""2026-06-01"", ""2026-12-01"", ""2027-06-01""]",ACT/ACT,2027-06-01,2023-06-01,2023-12-01,Coupon bond,Debt Instrument,ARMSWISSBANK CJSC,42,BBond,Listed,6000000000.000000,6000000000.000000,120000.000000,0,
AMSWISB2IER9,SWISBI,USD,100.000000,6.000000,Semi-Annually,8,"[""2023-12-01"", ""2024-06-01"", ""2024-12-01"", ""2025-06-01"", ""2025-12-01"", ""2026-06-01"", ""2026-12-01"", ""2027-06-01""]",ACT/ACT,2027-06-01,2023-06-01,2023-12-01,,Debt Instrument,ARMSWISSBANK CJSC,42,BBond,Listed,10000000.000000,3659100000.0000005,100000.000000,0,
AMSWISB2JER7,SWISBJ,EUR,100.000000,4.500000,Semi-Annually,8,"[""2023-12-01"", ""2024-06-01"", ""2024-12-01"", ""2025-06-01"", ""2025-12-01"", ""2026-06-01"", ""2026-12-01"", ""2027-06-01""]",ACT/ACT,2027-06-01,2023-06-01,2023-12-01,,Debt Instrument,ARMSWISSBANK CJSC,42,BBond,Listed,9400000.000000,3967176000,94000.000000,0,
AMSWISB2KER5,SWISBK,AMD,50000.000000,10.000000,Semi-Annually,4,"[""2025-04-21"", ""2025-10-21"", ""2026-04-21"", ""2026-10-21""]",ACT/ACT,2026-10-21,2024-10-21,2025-04-21,Coupon bond,Debt Instrument,ARMSWISSBANK CJSC,42,BBond,Listed,4650000000.000000,4650000000.000000,93000.000000,0,
AMSWISB2LER3,SWISBL,AMD,50000.000000,10.000000,Semi-Annually,6,"[""2025-02-12"", ""2025-08-12"", ""2026-02-12"", ""2026-08-12"", ""2027-02-12"", ""2027-08-12""]",ACT/ACT,2027-08-12,2024-08-12,2025-02-12,Coupon bond,Debt Instrument,ARMSWISSBANK CJSC,42,BBond,Listed,5000000000.000000,5000000000.000000,100000.000000,0,
AMSWISB2MER1,SWISBM,AMD,50000.000000,10.200000,Semi-Annually,8,"[""2024-12-10"", ""2025-06-10"", ""2025-12-10"", ""2026-06-10"", ""2026-12-10"", ""2027-06-10"", ""2027-12-10"", ""2028-06-10""]",ACT/ACT,2028-06-10,2024-06-10,2024-12-10,Coupon bond,Debt Instrument,ARMSWISSBANK CJSC,42,BBond,Listed,5000000000.000000,5000000000.000000,100000.000000,0,
AMSWISB2NER9,SWISBN,USD,100.000000,6.000000,Semi-Annually,6,"[""2025-04-21"", ""2025-10-21"", ""2026-04-21"", ""2026-10-21"", ""2027-04-21"", ""2027-10-21""]",ACT/ACT,2027-10-21,2024-10-21,2025-04-21,Coupon bond,Debt Instrument,ARMSWISSBANK CJSC,42,BBond,Listed,8148600.000000,2981654226,81486.000000,0,
AMSWISB2OER7,SWISBO,USD,100.000000,6.250000,Semi-Annually,8,"[""2024-12-10"", ""2025-06-10"", ""2025-12-10"", ""2026-06-10"", ""2026-12-10"", ""2027-06-10"", ""2027-12-10"", ""2028-06-10""]",ACT/ACT,2028-06-10,2024-06-10,2024-12-10,Coupon bond,Debt Instrument,ARMSWISSBANK CJSC,42,BBond,Listed,15000000.000000,5488650000,150000.000000,0,
AMSWISB2PER4,SWISBP,EUR,100.000000,5.000000,Semi-Annually,8,"[""2024-12-10"", ""2025-06-10"", ""2025-12-10"", ""2026-06-10"", ""2026-12-10"", ""2027-06-10"", ""2027-12-10"", ""2028-06-10""]",ACT/ACT,2028-06-10,2024-06-10,2024-12-10,Coupon bond,Debt Instrument,ARMSWISSBANK CJSC,42,BBond,Listed,3200500.000000,1350739020,32005.000000,0,
AMSWISB2QER2,SWISBQ,AMD,50000.000000,10.000000,Semi-Annually,6,"[""2026-08-04"", ""2027-02-04"", ""2027-08-04"", ""2028-02-04"", ""2028-08-04"", ""2029-02-04""]",ACT/ACT,2029-02-04,2026-02-04,2026-08-04,Coupon bond,Debt Instrument,ARMSWISSBANK CJSC,42,BBond,Listed,7000000000.000000,7000000000.000000,140000.000000,0,
AMSWISB2RER0,SWISBR,AMD,50000.000000,10.250000,Semi-Annually,8,"[""2025-12-16"", ""2026-06-16"", ""2026-12-16"", ""2027-06-16"", ""2027-12-16"", ""2028-06-16"", ""2028-12-16"", ""2029-06-16""]",ACT/ACT,2029-06-16,2025-06-16,2025-12-16,Coupon bond,Debt Instrument,ARMSWISSBANK CJSC,42,BBond,Listed,7000000000.000000,7000000000.000000,140000.000000,0,
AMSWISB2SER8,SWISBS,AMD,50000.000000,10.500000,Semi-Annually,10,"[""2025-12-16"", ""2026-06-16"", ""2026-12-16"", ""2027-06-16"", ""2027-12-16"", ""2028-06-16"", ""2028-12-16"", ""2029-06-16"", ""2029-12-16"", ""2030-06-16""]",ACT/ACT,2030-06-16,2025-06-16,2025-12-16,Coupon bond,Debt Instrument,ARMSWISSBANK CJSC,42,BBond,Listed,7000000000.000000,7000000000.000000,140000.000000,0,
AMSWISB2TER6,SWISBT,AMD,50000.000000,10.000000,Semi-Annually,8,"[""2026-12-08"", ""2027-06-08"", ""2027-12-08"", ""2028-06-08"", ""2028-12-08"", ""2029-06-08"", ""2029-12-08"", ""2030-06-08""]",ACT/ACT,2030-06-08,2026-06-08,2026-12-08,Coupon bond,Debt Instrument,ARMSWISSBANK CJSC,42,BBond,Listed,5000000000.000000,5000000000.000000,100000.000000,0,
AMTMHDB21ER0,TMHDB1,AMD,100000.000000,12.000000,Quarterly,16,"[""2026-03-03"", ""2026-06-03"", ""2026-09-03"", ""2026-12-03"", ""2027-03-03"", ""2027-06-03"", ""2027-09-03"", ""2027-12-03"", ""2028-03-03"", ""2028-06-03"", ""2028-09-03"", ""2028-12-03"", ""2029-03-03"", ""2029-06-03"", ""2029-09-03"", ""2029-12-03""]",ACT/ACT,2029-12-03,2025-12-03,2026-03-03,Coupon bond,Debt Instrument,Team Holding CJSC,352,BBond,Listed,1400000000.000000,1400000000.000000,14000.000000,0,
AMTMHDB22ER8,TMHDB2,USD,100.000000,9.000000,Quarterly,16,"[""2026-03-03"", ""2026-06-03"", ""2026-09-03"", ""2026-12-03"", ""2027-03-03"", ""2027-06-03"", ""2027-09-03"", ""2027-12-03"", ""2028-03-03"", ""2028-06-03"", ""2028-09-03"", ""2028-12-03"", ""2029-03-03"", ""2029-06-03"", ""2029-09-03"", ""2029-12-03""]",ACT/ACT,2029-12-03,2025-12-03,2026-03-03,Coupon bond,Debt Instrument,Team Holding CJSC,352,BBond,Listed,9000000.000000,3293190000,90000.000000,0,
AMTMHDB23ER6,TMHDB3,USD,100.000000,8.750000,Quarterly,16,"[""2026-05-12"", ""2026-08-12"", ""2026-11-12"", ""2027-02-12"", ""2027-05-12"", ""2027-08-12"", ""2027-11-12"", ""2028-02-12"", ""2028-05-12"", ""2028-08-12"", ""2028-11-12"", ""2029-02-12"", ""2029-05-12"", ""2029-08-12"", ""2029-11-12"", ""2030-02-12""]",ACT/ACT,2030-02-12,2026-02-12,2026-05-12,Coupon bond,Debt Instrument,Team Holding CJSC,352,BBond,Listed,10000000.000000,3659100000.0000005,100000.000000,0,
AMUNIBB2LER9,UNIBBL,AMD,10000.000000,11.000000,Quarterly,12,"[""2023-12-05"", ""2024-03-05"", ""2024-06-05"", ""2024-09-05"", ""2024-12-05"", ""2025-03-05"", ""2025-06-05"", ""2025-09-05"", ""2025-12-05"", ""2026-03-05"", ""2026-06-05"", ""2026-09-05""]",30/360,2026-09-05,2023-09-05,2023-12-05,Coupon bond,Debt Instrument,UNIBANK OJSC,264,BBond,Listed,1000000000.000000,1000000000.000000,100000.000000,0,
AMUNIBB2MER7,UNIBBM,USD,100.000000,5.000000,Quarterly,12,"[""2023-12-05"", ""2024-03-05"", ""2024-06-05"", ""2024-09-05"", ""2024-12-05"", ""2025-03-05"", ""2025-06-05"", ""2025-09-05"", ""2025-12-05"", ""2026-03-05"", ""2026-06-05"", ""2026-09-05""]",30/360,2026-09-05,2023-09-05,2023-12-05,Coupon bond,Debt Instrument,UNIBANK OJSC,264,BBond,Listed,5000000.000000,1829550000.0000002,50000.000000,0,
AMUNIBB2NER5,UNIBBN,AMD,10000.000000,10.750000,Quarterly,12,"[""2024-01-02"", ""2024-04-02"", ""2024-07-02"", ""2024-10-02"", ""2025-01-02"", ""2025-04-02"", ""2025-07-02"", ""2025-10-02"", ""2026-01-02"", ""2026-04-02"", ""2026-07-02"", ""2026-10-02""]",30/360,2026-10-02,2023-10-02,2024-01-02,Coupon bond,Debt Instrument,UNIBANK OJSC,264,BBond,Listed,1000000000.000000,1000000000.000000,100000.000000,0,
AMUNIBB2OER3,UNIBBO,AMD,10000.000000,11.000000,Quarterly,12,"[""2024-05-01"", ""2024-08-01"", ""2024-11-01"", ""2025-02-01"", ""2025-05-01"", ""2025-08-01"", ""2025-11-01"", ""2026-02-01"", ""2026-05-01"", ""2026-08-01"", ""2026-11-01"", ""2027-02-01""]",30/360,2027-02-01,2024-02-01,2024-05-01,Coupon bond,Debt Instrument,UNIBANK OJSC,264,BBond,Listed,2000000000.000000,2000000000.000000,200000.000000,0,
AMUNIBB2PER0,UNIBBP,USD,100.000000,5.000000,Quarterly,12,"[""2024-05-01"", ""2024-08-01"", ""2024-11-01"", ""2025-02-01"", ""2025-05-01"", ""2025-08-01"", ""2025-11-01"", ""2026-02-01"", ""2026-05-01"", ""2026-08-01"", ""2026-11-01"", ""2027-02-01""]",30/360,2027-02-01,2024-02-01,2024-05-01,Coupon bond,Debt Instrument,UNIBANK OJSC,264,BBond,Listed,5000000.000000,1829550000.0000002,50000.000000,0,
AMUNIBB2QER8,UNIBBQ,USD,100.000000,5.000000,Quarterly,12,"[""2024-10-09"", ""2025-01-09"", ""2025-04-09"", ""2025-07-09"", ""2025-10-09"", ""2026-01-09"", ""2026-04-09"", ""2026-07-09"", ""2026-10-09"", ""2027-01-09"", ""2027-04-09"", ""2027-07-09""]",30/360,2027-07-09,2024-07-09,2024-10-09,Coupon bond,Debt Instrument,UNIBANK OJSC,264,BBond,Listed,5000000.000000,1829550000.0000002,50000.000000,0,
AMUNIBB2RER6,UNIBBR,AMD,10000.000000,9.750000,Quarterly,12,"[""2024-10-09"", ""2025-01-09"", ""2025-04-09"", ""2025-07-09"", ""2025-10-09"", ""2026-01-09"", ""2026-04-09"", ""2026-07-09"", ""2026-10-09"", ""2027-01-09"", ""2027-04-09"", ""2027-07-09""]",30/360,2027-07-09,2024-07-09,2024-10-09,Coupon bond,Debt Instrument,UNIBANK OJSC,264,BBond,Listed,2000000000.000000,2000000000.000000,200000.000000,0,
AMUNIBB2SER4,UNIBBS,USD,100.000000,6.250000,Quarterly,28,"[""2025-02-19"", ""2025-05-19"", ""2025-08-19"", ""2025-11-19"", ""2026-02-19"", ""2026-05-19"", ""2026-08-19"", ""2026-11-19"", ""2027-02-19"", ""2027-05-19"", ""2027-08-19"", ""2027-11-19"", ""2028-02-19"", ""2028-05-19"", ""2028-08-19"", ""2028-11-19"", ""2029-02-19"", ""2029-05-19"", ""2029-08-19"", ""2029-11-19"", ""2030-02-19"", ""2030-05-19"", ""2030-08-19"", ""2030-11-19"", ""2031-02-19"", ""2031-05-19"", ""2031-08-19"", ""2031-11-19""]",ACT/ACT,2031-11-19,2024-11-19,2025-02-19,Coupon bond,Debt Instrument,UNIBANK OJSC,264,BBond,Listed,10000000.000000,3659100000.0000005,100000.000000,0,
AMUNIBB2TER2,UNIBBT,AMD,10000.000000,13.750000,Quarterly,,[],ACT/ACT,,2025-12-04,2026-03-04,Coupon bond,Debt Instrument,UNIBANK OJSC,264,BBond,Listed,3500000000.000000,3500000000.000000,350000.000000,0,
AMUNIBB2UER0,UNIBBU,USD,100.000000,8.300000,Quarterly,,[],ACT/ACT,,2025-12-04,2026-03-04,Coupon bond,Debt Instrument,UNIBANK OJSC,264,BBond,Listed,9000000.000000,3293190000,90000.000000,0,
AMUNIBBM1ER9,UNIBBM1,AMD,10000.000000,13.750000,Quarterly,,[],ACT/ACT,,2025-12-11,2026-03-11,Coupon bond,Debt Instrument,UNIBANK OJSC,264,BBond,Listed,3000000000.000000,3000000000.000000,300000.000000,0,
AMUNIBBM2ER7,UNIBBM2,USD,100.000000,5.600000,Quarterly,12,"[""2026-07-20"", ""2026-10-20"", ""2027-01-20"", ""2027-04-20"", ""2027-07-20"", ""2027-10-20"", ""2028-01-20"", ""2028-04-20"", ""2028-07-20"", ""2028-10-20"", ""2029-01-20"", ""2029-04-20""]",ACT/ACT,2029-04-20,2026-04-20,2026-07-20,Coupon bond,Debt Instrument,UNIBANK OJSC,264,BBond,Listed,2758000.000000,1009179780.0000001,27580.000000,0,
AMVAGAB21ER9,VAGAB1,AMD,100000.000000,12.500000,Quarterly,12,"[""2026-01-17"", ""2026-04-17"", ""2026-07-17"", ""2026-10-17"", ""2027-01-17"", ""2027-04-17"", ""2027-07-17"", ""2027-10-17"", ""2028-01-17"", ""2028-04-17"", ""2028-07-17"", ""2028-10-17""]",ACT/ACT,2028-10-17,2025-10-17,2026-01-17,Coupon bond,Debt Instrument,VOSKE AGA LLC,345,BBond,Listed,1500000000.000000,1500000000.000000,15000.000000,0,
XS3239201414,ARDXS1,USD,1000.000000,6.600000,Semi-Annually,10,"[""2026-07-22"", ""2027-01-22"", ""2027-07-22"", ""2028-01-22"", ""2028-07-22"", ""2029-01-22"", ""2029-07-22"", ""2030-01-22"", ""2030-07-22"", ""2031-01-22""]",30/360,2031-01-22,2026-01-22,2026-07-22,Coupon bond,Debt Instrument,Dilijan Finance B. V.,319,BBond,Listed,600000000.000000,219546000000,600000.000000,0,
